rental_id;rental_date;inventory_id;customer_id;first_name;last_name;email
2;24-05-2005 22:54;1525;459;Tommy;Collazo;tommy.collazo@sakilacustomer.org
3;24-05-2005 23:03;1711;408;Manuel;Murrell;manuel.murrell@sakilacustomer.org
4;24-05-2005 23:04;2452;333;Andrew;Purdy;andrew.purdy@sakilacustomer.org
5;24-05-2005 23:05;2079;222;Delores;Hansen;delores.hansen@sakilacustomer.org
6;24-05-2005 23:08;2792;549;Nelson;Christenson;nelson.christenson@sakilacustomer.org
7;24-05-2005 23:11;3995;269;Cassandra;Walters;cassandra.walters@sakilacustomer.org
8;24-05-2005 23:31;2346;239;Minnie;Romero;minnie.romero@sakilacustomer.org
9;25-05-2005 0:00;2580;126;Ellen;Simpson;ellen.simpson@sakilacustomer.org
10;25-05-2005 0:02;1824;399;Danny;Isom;danny.isom@sakilacustomer.org
11;25-05-2005 0:09;4443;142;April;Burns;april.burns@sakilacustomer.org
12;25-05-2005 0:19;1584;261;Deanna;Byrd;deanna.byrd@sakilacustomer.org
13;25-05-2005 0:22;2294;334;Raymond;Mcwhorter;raymond.mcwhorter@sakilacustomer.org
14;25-05-2005 0:31;2701;446;Theodore;Culp;theodore.culp@sakilacustomer.org
15;25-05-2005 0:39;3049;319;Ronald;Weiner;ronald.weiner@sakilacustomer.org
16;25-05-2005 0:43;389;316;Steven;Curley;steven.curley@sakilacustomer.org
17;25-05-2005 1:06;830;575;Isaac;Oglesby;isaac.oglesby@sakilacustomer.org
18;25-05-2005 1:10;3376;19;Ruth;Martinez;ruth.martinez@sakilacustomer.org
19;25-05-2005 1:17;1941;456;Ronnie;Ricketts;ronnie.ricketts@sakilacustomer.org
20;25-05-2005 1:48;3517;185;Roberta;Harper;roberta.harper@sakilacustomer.org
21;25-05-2005 1:59;146;388;Craig;Morrell;craig.morrell@sakilacustomer.org
22;25-05-2005 2:19;727;509;Raul;Fortier;raul.fortier@sakilacustomer.org
23;25-05-2005 2:40;4441;438;Barry;Lovelace;barry.lovelace@sakilacustomer.org
24;25-05-2005 2:53;3273;350;Juan;Fraley;juan.fraley@sakilacustomer.org
25;25-05-2005 3:21;3961;37;Pamela;Baker;pamela.baker@sakilacustomer.org
26;25-05-2005 3:36;4371;371;Billy;Poulin;billy.poulin@sakilacustomer.org
27;25-05-2005 3:41;1225;301;Robert;Baughman;robert.baughman@sakilacustomer.org
28;25-05-2005 3:42;4068;232;Constance;Reid;constance.reid@sakilacustomer.org
29;25-05-2005 3:47;611;44;Marie;Turner;marie.turner@sakilacustomer.org
30;25-05-2005 4:01;3744;430;Ray;Houle;ray.houle@sakilacustomer.org
31;25-05-2005 4:05;4482;369;Fred;Wheat;fred.wheat@sakilacustomer.org
32;25-05-2005 4:06;3832;230;Joy;George;joy.george@sakilacustomer.org
33;25-05-2005 4:18;1681;272;Kay;Caldwell;kay.caldwell@sakilacustomer.org
34;25-05-2005 4:19;2613;597;Freddie;Duggan;freddie.duggan@sakilacustomer.org
35;25-05-2005 4:24;1286;484;Roberto;Vu;roberto.vu@sakilacustomer.org
36;25-05-2005 4:36;1308;88;Bonnie;Hughes;bonnie.hughes@sakilacustomer.org
37;25-05-2005 4:44;403;535;Javier;Elrod;javier.elrod@sakilacustomer.org
38;25-05-2005 4:47;2540;302;Michael;Silverman;michael.silverman@sakilacustomer.org
39;25-05-2005 4:51;4466;207;Gertrude;Castillo;gertrude.castillo@sakilacustomer.org
40;25-05-2005 5:09;2638;413;Marvin;Yee;marvin.yee@sakilacustomer.org
41;25-05-2005 5:12;1761;174;Yvonne;Watkins;yvonne.watkins@sakilacustomer.org
42;25-05-2005 5:24;380;523;Harvey;Guajardo;harvey.guajardo@sakilacustomer.org
43;25-05-2005 5:39;2578;532;Neil;Renner;neil.renner@sakilacustomer.org
44;25-05-2005 5:53;3098;207;Gertrude;Castillo;gertrude.castillo@sakilacustomer.org
45;25-05-2005 5:59;1853;436;Troy;Quigley;troy.quigley@sakilacustomer.org
46;25-05-2005 6:04;3318;7;Maria;Miller;maria.miller@sakilacustomer.org
47;25-05-2005 6:05;2211;35;Virginia;Green;virginia.green@sakilacustomer.org
48;25-05-2005 6:20;1780;282;Jenny;Castro;jenny.castro@sakilacustomer.org
49;25-05-2005 6:39;2965;498;Gene;Sanborn;gene.sanborn@sakilacustomer.org
50;25-05-2005 6:44;1983;18;Carol;Garcia;carol.garcia@sakilacustomer.org
51;25-05-2005 6:49;1257;256;Mabel;Holland;mabel.holland@sakilacustomer.org
52;25-05-2005 6:51;4017;507;Edgar;Rhoads;edgar.rhoads@sakilacustomer.org
53;25-05-2005 7:19;1255;569;Dave;Gardiner;dave.gardiner@sakilacustomer.org
54;25-05-2005 7:23;2787;291;Toni;Holt;toni.holt@sakilacustomer.org
55;25-05-2005 8:26;1139;131;Monica;Hicks;monica.hicks@sakilacustomer.org
56;25-05-2005 8:28;1352;511;Chester;Benner;chester.benner@sakilacustomer.org
57;25-05-2005 8:43;3938;6;Jennifer;Davis;jennifer.davis@sakilacustomer.org
58;25-05-2005 8:53;3050;323;Matthew;Mahan;matthew.mahan@sakilacustomer.org
59;25-05-2005 8:56;2884;408;Manuel;Murrell;manuel.murrell@sakilacustomer.org
60;25-05-2005 8:58;330;470;Gordon;Allard;gordon.allard@sakilacustomer.org
61;25-05-2005 9:01;4210;250;Jo;Fowler;jo.fowler@sakilacustomer.org
62;25-05-2005 9:18;261;419;Chad;Carbone;chad.carbone@sakilacustomer.org
63;25-05-2005 9:19;4008;383;Martin;Bales;martin.bales@sakilacustomer.org
64;25-05-2005 9:21;79;368;Harry;Arce;harry.arce@sakilacustomer.org
65;25-05-2005 9:32;3552;346;Arthur;Simpkins;arthur.simpkins@sakilacustomer.org
66;25-05-2005 9:35;1162;86;Jacqueline;Long;jacqueline.long@sakilacustomer.org
67;25-05-2005 9:41;239;119;Sherry;Marshall;sherry.marshall@sakilacustomer.org
68;25-05-2005 9:47;4029;120;Sylvia;Ortiz;sylvia.ortiz@sakilacustomer.org
69;25-05-2005 10:10;3207;305;Richard;Mccrary;richard.mccrary@sakilacustomer.org
70;25-05-2005 10:15;2168;73;Beverly;Brooks;beverly.brooks@sakilacustomer.org
71;25-05-2005 10:26;2408;100;Robin;Hayes;robin.hayes@sakilacustomer.org
72;25-05-2005 10:52;2260;48;Ann;Evans;ann.evans@sakilacustomer.org
73;25-05-2005 11:00;517;391;Clarence;Gamez;clarence.gamez@sakilacustomer.org
74;25-05-2005 11:09;1744;265;Jennie;Terry;jennie.terry@sakilacustomer.org
75;25-05-2005 11:13;3393;510;Ben;Easter;ben.easter@sakilacustomer.org
76;25-05-2005 11:30;3021;1;Mary;Smith;mary.smith@sakilacustomer.org
77;25-05-2005 11:31;1303;451;Jim;Rea;jim.rea@sakilacustomer.org
78;25-05-2005 11:35;4067;135;Juanita;Mason;juanita.mason@sakilacustomer.org
79;25-05-2005 12:11;3299;245;Courtney;Day;courtney.day@sakilacustomer.org
80;25-05-2005 12:12;2478;314;George;Linton;george.linton@sakilacustomer.org
81;25-05-2005 12:15;2610;286;Velma;Lucas;velma.lucas@sakilacustomer.org
82;25-05-2005 12:17;1388;427;Jesus;Mccartney;jesus.mccartney@sakilacustomer.org
83;25-05-2005 12:30;466;131;Monica;Hicks;monica.hicks@sakilacustomer.org
84;25-05-2005 12:36;1829;492;Lester;Kraus;lester.kraus@sakilacustomer.org
85;25-05-2005 13:05;470;414;Vincent;Ralston;vincent.ralston@sakilacustomer.org
86;25-05-2005 13:36;2275;266;Nora;Herrera;nora.herrera@sakilacustomer.org
87;25-05-2005 13:52;1586;331;Eric;Robert;eric.robert@sakilacustomer.org
88;25-05-2005 14:13;2221;53;Heather;Morris;heather.morris@sakilacustomer.org
89;25-05-2005 14:28;2181;499;Marc;Outlaw;marc.outlaw@sakilacustomer.org
90;25-05-2005 14:31;2984;25;Deborah;Walker;deborah.walker@sakilacustomer.org
91;25-05-2005 14:57;139;267;Margie;Wade;margie.wade@sakilacustomer.org
92;25-05-2005 15:38;775;302;Michael;Silverman;michael.silverman@sakilacustomer.org
93;25-05-2005 15:54;4360;288;Bobbie;Craig;bobbie.craig@sakilacustomer.org
94;25-05-2005 16:03;1675;197;Sue;Peters;sue.peters@sakilacustomer.org
95;25-05-2005 16:12;178;400;Bryan;Hardison;bryan.hardison@sakilacustomer.org
96;25-05-2005 16:32;3418;49;Joyce;Edwards;joyce.edwards@sakilacustomer.org
97;25-05-2005 16:34;1283;263;Hilda;Hopkins;hilda.hopkins@sakilacustomer.org
98;25-05-2005 16:48;2970;269;Cassandra;Walters;cassandra.walters@sakilacustomer.org
99;25-05-2005 16:50;535;44;Marie;Turner;marie.turner@sakilacustomer.org
100;25-05-2005 16:50;2599;208;Lucy;Wheeler;lucy.wheeler@sakilacustomer.org
101;25-05-2005 17:17;617;468;Tim;Cary;tim.cary@sakilacustomer.org
102;25-05-2005 17:22;373;343;Douglas;Graf;douglas.graf@sakilacustomer.org
103;25-05-2005 17:30;3343;384;Ernest;Stepp;ernest.stepp@sakilacustomer.org
104;25-05-2005 17:46;4281;310;Daniel;Cabral;daniel.cabral@sakilacustomer.org
105;25-05-2005 17:54;794;108;Tracy;Cole;tracy.cole@sakilacustomer.org
106;25-05-2005 18:18;3627;196;Alma;Austin;alma.austin@sakilacustomer.org
107;25-05-2005 18:28;2833;317;Edward;Baugh;edward.baugh@sakilacustomer.org
108;25-05-2005 18:30;3289;242;Glenda;Frazier;glenda.frazier@sakilacustomer.org
109;25-05-2005 18:40;1044;503;Angel;Barclay;angel.barclay@sakilacustomer.org
110;25-05-2005 18:43;4108;19;Ruth;Martinez;ruth.martinez@sakilacustomer.org
111;25-05-2005 18:45;3725;227;Colleen;Burton;colleen.burton@sakilacustomer.org
112;25-05-2005 18:57;2153;500;Reginald;Kinder;reginald.kinder@sakilacustomer.org
113;25-05-2005 19:07;2963;93;Phyllis;Foster;phyllis.foster@sakilacustomer.org
114;25-05-2005 19:12;4502;506;Leslie;Seward;leslie.seward@sakilacustomer.org
115;25-05-2005 19:13;749;455;Jon;Wiles;jon.wiles@sakilacustomer.org
116;25-05-2005 19:27;4453;18;Carol;Garcia;carol.garcia@sakilacustomer.org
117;25-05-2005 19:30;4278;7;Maria;Miller;maria.miller@sakilacustomer.org
118;25-05-2005 19:31;872;524;Jared;Ely;jared.ely@sakilacustomer.org
119;25-05-2005 19:37;1359;51;Alice;Stewart;alice.stewart@sakilacustomer.org
120;25-05-2005 19:37;37;365;Bruce;Schwarz;bruce.schwarz@sakilacustomer.org
121;25-05-2005 19:41;1053;405;Leonard;Schofield;leonard.schofield@sakilacustomer.org
122;25-05-2005 19:46;2908;273;Priscilla;Lowe;priscilla.lowe@sakilacustomer.org
123;25-05-2005 20:26;1795;43;Christine;Roberts;christine.roberts@sakilacustomer.org
124;25-05-2005 20:46;212;246;Marian;Mendoza;marian.mendoza@sakilacustomer.org
125;25-05-2005 20:48;952;368;Harry;Arce;harry.arce@sakilacustomer.org
126;25-05-2005 21:07;2047;439;Alexander;Fennell;alexander.fennell@sakilacustomer.org
127;25-05-2005 21:10;2026;94;Norma;Gonzales;norma.gonzales@sakilacustomer.org
128;25-05-2005 21:19;4322;40;Amanda;Carter;amanda.carter@sakilacustomer.org
129;25-05-2005 21:20;4154;23;Sarah;Lewis;sarah.lewis@sakilacustomer.org
130;25-05-2005 21:21;3990;56;Gloria;Cook;gloria.cook@sakilacustomer.org
131;25-05-2005 21:42;815;325;Timothy;Bunn;timothy.bunn@sakilacustomer.org
132;25-05-2005 21:46;3367;479;Zachary;Hite;zachary.hite@sakilacustomer.org
133;25-05-2005 21:48;399;237;Tanya;Gilbert;tanya.gilbert@sakilacustomer.org
134;25-05-2005 21:48;2272;222;Delores;Hansen;delores.hansen@sakilacustomer.org
135;25-05-2005 21:58;103;304;David;Royal;david.royal@sakilacustomer.org
136;25-05-2005 22:02;2296;504;Nathaniel;Adam;nathaniel.adam@sakilacustomer.org
137;25-05-2005 22:25;2591;560;Jordan;Archuleta;jordan.archuleta@sakilacustomer.org
138;25-05-2005 22:48;4134;586;Kirk;Stclair;kirk.stclair@sakilacustomer.org
139;25-05-2005 23:00;327;257;Marsha;Douglas;marsha.douglas@sakilacustomer.org
140;25-05-2005 23:34;655;354;Justin;Ngo;justin.ngo@sakilacustomer.org
141;25-05-2005 23:34;811;89;Julia;Flores;julia.flores@sakilacustomer.org
142;25-05-2005 23:43;4407;472;Greg;Robins;greg.robins@sakilacustomer.org
143;25-05-2005 23:45;847;297;Sherri;Rhodes;sherri.rhodes@sakilacustomer.org
144;25-05-2005 23:49;1689;357;Keith;Rico;keith.rico@sakilacustomer.org
145;25-05-2005 23:59;3905;82;Kathryn;Coleman;kathryn.coleman@sakilacustomer.org
146;26-05-2005 0:07;1431;433;Don;Bone;don.bone@sakilacustomer.org
147;26-05-2005 0:17;633;274;Naomi;Jennings;naomi.jennings@sakilacustomer.org
148;26-05-2005 0:25;4252;142;April;Burns;april.burns@sakilacustomer.org
149;26-05-2005 0:28;1084;319;Ronald;Weiner;ronald.weiner@sakilacustomer.org
150;26-05-2005 0:28;909;429;Frederick;Isbell;frederick.isbell@sakilacustomer.org
151;26-05-2005 0:37;2942;14;Betty;White;betty.white@sakilacustomer.org
152;26-05-2005 0:41;2622;57;Evelyn;Morgan;evelyn.morgan@sakilacustomer.org
153;26-05-2005 0:47;3888;348;Roger;Quintanilla;roger.quintanilla@sakilacustomer.org
154;26-05-2005 0:55;1354;185;Roberta;Harper;roberta.harper@sakilacustomer.org
155;26-05-2005 1:15;288;551;Clayton;Barbee;clayton.barbee@sakilacustomer.org
156;26-05-2005 1:19;3193;462;Warren;Sherrod;warren.sherrod@sakilacustomer.org
157;26-05-2005 1:25;887;344;Henry;Billingsley;henry.billingsley@sakilacustomer.org
158;26-05-2005 1:27;2395;354;Justin;Ngo;justin.ngo@sakilacustomer.org
159;26-05-2005 1:34;3453;505;Rafael;Abney;rafael.abney@sakilacustomer.org
160;26-05-2005 1:46;1885;290;Kristina;Chambers;kristina.chambers@sakilacustomer.org
161;26-05-2005 1:51;2941;182;Renee;Lane;renee.lane@sakilacustomer.org
162;26-05-2005 2:02;1229;296;Ramona;Hale;ramona.hale@sakilacustomer.org
163;26-05-2005 2:26;2306;104;Rita;Graham;rita.graham@sakilacustomer.org
164;26-05-2005 2:26;1070;151;Megan;Palmer;megan.palmer@sakilacustomer.org
165;26-05-2005 2:28;2735;33;Anna;Hill;anna.hill@sakilacustomer.org
166;26-05-2005 2:49;3894;322;Jason;Morrissey;jason.morrissey@sakilacustomer.org
167;26-05-2005 2:50;865;401;Tony;Carranza;tony.carranza@sakilacustomer.org
168;26-05-2005 3:07;2714;469;Wesley;Bull;wesley.bull@sakilacustomer.org
169;26-05-2005 3:09;1758;381;Bobby;Boudreau;bobby.boudreau@sakilacustomer.org
170;26-05-2005 3:11;3688;107;Florence;Woods;florence.woods@sakilacustomer.org
171;26-05-2005 3:14;4483;400;Bryan;Hardison;bryan.hardison@sakilacustomer.org
172;26-05-2005 3:17;2873;176;June;Carroll;june.carroll@sakilacustomer.org
173;26-05-2005 3:42;3596;533;Jessie;Milam;jessie.milam@sakilacustomer.org
174;26-05-2005 3:44;3954;552;Hugh;Waldrop;hugh.waldrop@sakilacustomer.org
175;26-05-2005 3:46;4346;47;Frances;Parker;frances.parker@sakilacustomer.org
176;26-05-2005 3:47;851;250;Jo;Fowler;jo.fowler@sakilacustomer.org
177;26-05-2005 4:14;3545;548;Allan;Cornish;allan.cornish@sakilacustomer.org
178;26-05-2005 4:21;1489;196;Alma;Austin;alma.austin@sakilacustomer.org
179;26-05-2005 4:26;2575;19;Ruth;Martinez;ruth.martinez@sakilacustomer.org
180;26-05-2005 4:46;2752;75;Tammy;Sanders;tammy.sanders@sakilacustomer.org
181;26-05-2005 4:47;2417;587;Sergio;Stanfield;sergio.stanfield@sakilacustomer.org
182;26-05-2005 4:49;4396;237;Tanya;Gilbert;tanya.gilbert@sakilacustomer.org
183;26-05-2005 5:01;2877;254;Maxine;Silva;maxine.silva@sakilacustomer.org
184;26-05-2005 5:29;1970;556;Armando;Gruber;armando.gruber@sakilacustomer.org
185;26-05-2005 5:30;2598;125;Ethel;Webb;ethel.webb@sakilacustomer.org
186;26-05-2005 5:32;1799;468;Tim;Cary;tim.cary@sakilacustomer.org
187;26-05-2005 5:42;4004;515;Andre;Rapp;andre.rapp@sakilacustomer.org
188;26-05-2005 5:47;3342;243;Lydia;Burke;lydia.burke@sakilacustomer.org
189;26-05-2005 6:01;984;247;Stella;Moreno;stella.moreno@sakilacustomer.org
190;26-05-2005 6:11;3962;533;Jessie;Milam;jessie.milam@sakilacustomer.org
191;26-05-2005 6:14;4365;412;Allen;Butterfield;allen.butterfield@sakilacustomer.org
192;26-05-2005 6:20;1897;437;Randall;Neumann;randall.neumann@sakilacustomer.org
193;26-05-2005 6:41;3900;270;Leah;Curtis;leah.curtis@sakilacustomer.org
194;26-05-2005 6:52;1337;29;Angela;Hernandez;angela.hernandez@sakilacustomer.org
195;26-05-2005 6:52;506;564;Bob;Pfeiffer;bob.pfeiffer@sakilacustomer.org
196;26-05-2005 6:55;190;184;Vivian;Ruiz;vivian.ruiz@sakilacustomer.org
197;26-05-2005 6:59;4212;546;Kelly;Knott;kelly.knott@sakilacustomer.org
198;26-05-2005 7:03;1789;54;Teresa;Rogers;teresa.rogers@sakilacustomer.org
199;26-05-2005 7:11;2135;71;Kathy;James;kathy.james@sakilacustomer.org
200;26-05-2005 7:12;3926;321;Kevin;Schuler;kevin.schuler@sakilacustomer.org
201;26-05-2005 7:13;776;444;Marcus;Hidalgo;marcus.hidalgo@sakilacustomer.org
202;26-05-2005 7:27;674;20;Sharon;Robinson;sharon.robinson@sakilacustomer.org
203;26-05-2005 7:27;3374;109;Edna;West;edna.west@sakilacustomer.org
204;26-05-2005 7:30;1842;528;Claude;Herzog;claude.herzog@sakilacustomer.org
205;26-05-2005 7:59;303;114;Grace;Ellis;grace.ellis@sakilacustomer.org
206;26-05-2005 8:01;1717;345;Carl;Artis;carl.artis@sakilacustomer.org
207;26-05-2005 8:04;102;47;Frances;Parker;frances.parker@sakilacustomer.org
208;26-05-2005 8:10;3669;274;Naomi;Jennings;naomi.jennings@sakilacustomer.org
209;26-05-2005 8:14;729;379;Carlos;Coughlin;carlos.coughlin@sakilacustomer.org
210;26-05-2005 8:14;1801;391;Clarence;Gamez;clarence.gamez@sakilacustomer.org
211;26-05-2005 8:33;4005;170;Beatrice;Arnold;beatrice.arnold@sakilacustomer.org
212;26-05-2005 8:34;764;59;Cheryl;Murphy;cheryl.murphy@sakilacustomer.org
213;26-05-2005 8:44;1505;394;Chris;Brothers;chris.brothers@sakilacustomer.org
214;26-05-2005 8:48;1453;98;Lillian;Griffin;lillian.griffin@sakilacustomer.org
215;26-05-2005 9:02;679;197;Sue;Peters;sue.peters@sakilacustomer.org
216;26-05-2005 9:17;1398;91;Lois;Butler;lois.butler@sakilacustomer.org
217;26-05-2005 9:24;4395;121;Josephine;Gomez;josephine.gomez@sakilacustomer.org
218;26-05-2005 9:27;2291;309;Christopher;Greco;christopher.greco@sakilacustomer.org
219;26-05-2005 9:41;3074;489;Ricardo;Meador;ricardo.meador@sakilacustomer.org
220;26-05-2005 10:06;1259;542;Lonnie;Tirado;lonnie.tirado@sakilacustomer.org
221;26-05-2005 10:14;3578;143;Leslie;Gordon;leslie.gordon@sakilacustomer.org
222;26-05-2005 10:14;2745;83;Louise;Jenkins;louise.jenkins@sakilacustomer.org
223;26-05-2005 10:15;3121;460;Leon;Bostic;leon.bostic@sakilacustomer.org
224;26-05-2005 10:18;4285;318;Brian;Wyman;brian.wyman@sakilacustomer.org
225;26-05-2005 10:27;651;467;Alvin;Deloach;alvin.deloach@sakilacustomer.org
226;26-05-2005 10:44;4181;221;Bessie;Morrison;bessie.morrison@sakilacustomer.org
227;26-05-2005 10:51;214;301;Robert;Baughman;robert.baughman@sakilacustomer.org
228;26-05-2005 10:54;511;571;Johnnie;Chisholm;johnnie.chisholm@sakilacustomer.org
229;26-05-2005 11:19;1131;312;Mark;Rinehart;mark.rinehart@sakilacustomer.org
230;26-05-2005 11:31;1085;58;Jean;Bell;jean.bell@sakilacustomer.org
231;26-05-2005 11:31;4032;365;Bruce;Schwarz;bruce.schwarz@sakilacustomer.org
232;26-05-2005 11:38;2945;256;Mabel;Holland;mabel.holland@sakilacustomer.org
233;26-05-2005 11:43;715;531;Jamie;Waugh;jamie.waugh@sakilacustomer.org
234;26-05-2005 11:47;1321;566;Casey;Mena;casey.mena@sakilacustomer.org
235;26-05-2005 11:51;3537;119;Sherry;Marshall;sherry.marshall@sakilacustomer.org
236;26-05-2005 11:53;1265;446;Theodore;Culp;theodore.culp@sakilacustomer.org
237;26-05-2005 12:15;241;536;Fernando;Churchill;fernando.churchill@sakilacustomer.org
238;26-05-2005 12:30;503;211;Stacey;Montgomery;stacey.montgomery@sakilacustomer.org
239;26-05-2005 12:30;131;49;Joyce;Edwards;joyce.edwards@sakilacustomer.org
240;26-05-2005 12:40;3420;103;Gladys;Hamilton;gladys.hamilton@sakilacustomer.org
241;26-05-2005 12:49;4438;245;Courtney;Day;courtney.day@sakilacustomer.org
242;26-05-2005 13:05;2095;214;Kristin;Johnston;kristin.johnston@sakilacustomer.org
243;26-05-2005 13:06;1721;543;Lance;Pemberton;lance.pemberton@sakilacustomer.org
244;26-05-2005 13:40;1041;257;Marsha;Douglas;marsha.douglas@sakilacustomer.org
245;26-05-2005 13:46;3045;158;Veronica;Stone;veronica.stone@sakilacustomer.org
246;26-05-2005 13:57;2829;240;Marlene;Welch;marlene.welch@sakilacustomer.org
247;26-05-2005 14:01;4095;102;Crystal;Ford;crystal.ford@sakilacustomer.org
248;26-05-2005 14:07;1913;545;Julio;Noland;julio.noland@sakilacustomer.org
249;26-05-2005 14:19;2428;472;Greg;Robins;greg.robins@sakilacustomer.org
250;26-05-2005 14:30;368;539;Mathew;Bolin;mathew.bolin@sakilacustomer.org
251;26-05-2005 14:35;4352;204;Rosemary;Schmidt;rosemary.schmidt@sakilacustomer.org
252;26-05-2005 14:39;1203;187;Brittany;Riley;brittany.riley@sakilacustomer.org
253;26-05-2005 14:43;2969;416;Jeffery;Pinson;jeffery.pinson@sakilacustomer.org
254;26-05-2005 14:43;1835;390;Shawn;Heaton;shawn.heaton@sakilacustomer.org
255;26-05-2005 14:52;3264;114;Grace;Ellis;grace.ellis@sakilacustomer.org
256;26-05-2005 15:20;3194;436;Troy;Quigley;troy.quigley@sakilacustomer.org
257;26-05-2005 15:27;2570;373;Louis;Leone;louis.leone@sakilacustomer.org
258;26-05-2005 15:28;3534;502;Brett;Cornwell;brett.cornwell@sakilacustomer.org
259;26-05-2005 15:32;30;482;Maurice;Crawley;maurice.crawley@sakilacustomer.org
260;26-05-2005 15:42;435;21;Michelle;Clark;michelle.clark@sakilacustomer.org
261;26-05-2005 15:44;1369;414;Vincent;Ralston;vincent.ralston@sakilacustomer.org
262;26-05-2005 15:46;4261;236;Marcia;Dean;marcia.dean@sakilacustomer.org
263;26-05-2005 15:47;1160;449;Oscar;Aquino;oscar.aquino@sakilacustomer.org
264;26-05-2005 16:00;2069;251;Vickie;Brewer;vickie.brewer@sakilacustomer.org
265;26-05-2005 16:07;2276;303;William;Satterfield;william.satterfield@sakilacustomer.org
266;26-05-2005 16:08;3303;263;Hilda;Hopkins;hilda.hopkins@sakilacustomer.org
267;26-05-2005 16:16;1206;417;Travis;Estep;travis.estep@sakilacustomer.org
268;26-05-2005 16:19;1714;75;Tammy;Sanders;tammy.sanders@sakilacustomer.org
269;26-05-2005 16:19;3501;322;Jason;Morrissey;jason.morrissey@sakilacustomer.org
270;26-05-2005 16:20;207;200;Jeanne;Lawson;jeanne.lawson@sakilacustomer.org
271;26-05-2005 16:22;2388;92;Tina;Simmons;tina.simmons@sakilacustomer.org
272;26-05-2005 16:27;971;71;Kathy;James;kathy.james@sakilacustomer.org
273;26-05-2005 16:29;1590;193;Katie;Elliott;katie.elliott@sakilacustomer.org
274;26-05-2005 16:48;656;311;Paul;Trout;paul.trout@sakilacustomer.org
275;26-05-2005 17:09;1718;133;Pauline;Henry;pauline.henry@sakilacustomer.org
276;26-05-2005 17:16;1221;58;Jean;Bell;jean.bell@sakilacustomer.org
277;26-05-2005 17:32;1409;45;Janet;Phillips;janet.phillips@sakilacustomer.org
278;26-05-2005 17:40;182;214;Kristin;Johnston;kristin.johnston@sakilacustomer.org
279;26-05-2005 18:02;661;384;Ernest;Stepp;ernest.stepp@sakilacustomer.org
280;26-05-2005 18:36;1896;167;Sally;Pierce;sally.pierce@sakilacustomer.org
281;26-05-2005 18:49;1208;582;Andy;Vanhorn;andy.vanhorn@sakilacustomer.org
282;26-05-2005 18:56;4486;282;Jenny;Castro;jenny.castro@sakilacustomer.org
283;26-05-2005 19:05;3530;242;Glenda;Frazier;glenda.frazier@sakilacustomer.org
284;26-05-2005 19:21;350;359;Willie;Markham;willie.markham@sakilacustomer.org
285;26-05-2005 19:41;2486;162;Lauren;Hudson;lauren.hudson@sakilacustomer.org
286;26-05-2005 19:44;314;371;Billy;Poulin;billy.poulin@sakilacustomer.org
287;26-05-2005 19:44;3631;17;Donna;Thompson;donna.thompson@sakilacustomer.org
288;26-05-2005 19:47;3546;82;Kathryn;Coleman;kathryn.coleman@sakilacustomer.org
289;26-05-2005 20:01;2449;81;Andrea;Henderson;andrea.henderson@sakilacustomer.org
290;26-05-2005 20:08;2776;429;Frederick;Isbell;frederick.isbell@sakilacustomer.org
291;26-05-2005 20:20;485;577;Clifton;Malcolm;clifton.malcolm@sakilacustomer.org
292;26-05-2005 20:22;4264;515;Andre;Rapp;andre.rapp@sakilacustomer.org
293;26-05-2005 20:27;1828;158;Veronica;Stone;veronica.stone@sakilacustomer.org
294;26-05-2005 20:29;2751;369;Fred;Wheat;fred.wheat@sakilacustomer.org
295;26-05-2005 20:33;4030;65;Rose;Howard;rose.howard@sakilacustomer.org
296;26-05-2005 20:35;3878;468;Tim;Cary;tim.cary@sakilacustomer.org
297;26-05-2005 20:48;1594;48;Ann;Evans;ann.evans@sakilacustomer.org
298;26-05-2005 20:52;1083;460;Leon;Bostic;leon.bostic@sakilacustomer.org
299;26-05-2005 20:55;4376;448;Miguel;Betancourt;miguel.betancourt@sakilacustomer.org
300;26-05-2005 20:57;249;47;Frances;Parker;frances.parker@sakilacustomer.org
301;26-05-2005 21:06;3448;274;Naomi;Jennings;naomi.jennings@sakilacustomer.org
302;26-05-2005 21:13;2921;387;Jesse;Schilling;jesse.schilling@sakilacustomer.org
303;26-05-2005 21:16;1111;596;Enrique;Forsythe;enrique.forsythe@sakilacustomer.org
304;26-05-2005 21:21;1701;534;Christian;Jung;christian.jung@sakilacustomer.org
305;26-05-2005 21:22;2665;464;Jerome;Kenyon;jerome.kenyon@sakilacustomer.org
306;26-05-2005 21:31;2781;547;Kurt;Emmons;kurt.emmons@sakilacustomer.org
307;26-05-2005 21:48;1097;375;Aaron;Selby;aaron.selby@sakilacustomer.org
308;26-05-2005 22:01;187;277;Olga;Jimenez;olga.jimenez@sakilacustomer.org
309;26-05-2005 22:38;1946;251;Vickie;Brewer;vickie.brewer@sakilacustomer.org
310;26-05-2005 22:41;593;409;Rodney;Moeller;rodney.moeller@sakilacustomer.org
311;26-05-2005 22:51;2830;201;Vicki;Fields;vicki.fields@sakilacustomer.org
312;26-05-2005 22:52;2008;143;Leslie;Gordon;leslie.gordon@sakilacustomer.org
313;26-05-2005 22:56;4156;594;Eduardo;Hiatt;eduardo.hiatt@sakilacustomer.org
314;26-05-2005 23:09;2851;203;Tara;Ryan;tara.ryan@sakilacustomer.org
315;26-05-2005 23:12;2847;238;Nellie;Garrett;nellie.garrett@sakilacustomer.org
316;26-05-2005 23:22;3828;249;Dora;Medina;dora.medina@sakilacustomer.org
317;26-05-2005 23:23;26;391;Clarence;Gamez;clarence.gamez@sakilacustomer.org
318;26-05-2005 23:37;2559;60;Mildred;Bailey;mildred.bailey@sakilacustomer.org
319;26-05-2005 23:52;3024;77;Jane;Bennett;jane.bennett@sakilacustomer.org
320;27-05-2005 0:09;1090;2;Patricia;Johnson;patricia.johnson@sakilacustomer.org
322;27-05-2005 0:47;4556;496;Tyler;Wren;tyler.wren@sakilacustomer.org
323;27-05-2005 0:49;2362;144;Clara;Shaw;clara.shaw@sakilacustomer.org
324;27-05-2005 1:00;3364;292;Misty;Lambert;misty.lambert@sakilacustomer.org
325;27-05-2005 1:09;2510;449;Oscar;Aquino;oscar.aquino@sakilacustomer.org
326;27-05-2005 1:10;3979;432;Edwin;Burk;edwin.burk@sakilacustomer.org
327;27-05-2005 1:18;2678;105;Dawn;Sullivan;dawn.sullivan@sakilacustomer.org
328;27-05-2005 1:29;2524;451;Jim;Rea;jim.rea@sakilacustomer.org
329;27-05-2005 1:57;2659;231;Georgia;Jacobs;georgia.jacobs@sakilacustomer.org
330;27-05-2005 2:15;1536;248;Caroline;Bowman;caroline.bowman@sakilacustomer.org
331;27-05-2005 2:22;1872;67;Kelly;Torres;kelly.torres@sakilacustomer.org
332;27-05-2005 2:27;1529;299;James;Gannon;james.gannon@sakilacustomer.org
333;27-05-2005 2:52;4001;412;Allen;Butterfield;allen.butterfield@sakilacustomer.org
334;27-05-2005 3:03;3973;194;Kristen;Chavez;kristen.chavez@sakilacustomer.org
335;27-05-2005 3:07;1411;16;Sandra;Martin;sandra.martin@sakilacustomer.org
336;27-05-2005 3:15;1811;275;Carole;Barnett;carole.barnett@sakilacustomer.org
337;27-05-2005 3:22;751;19;Ruth;Martinez;ruth.martinez@sakilacustomer.org
338;27-05-2005 3:42;2596;165;Lorraine;Stephens;lorraine.stephens@sakilacustomer.org
339;27-05-2005 3:47;2410;516;Elmer;Noe;elmer.noe@sakilacustomer.org
340;27-05-2005 3:55;946;209;Tonya;Chapman;tonya.chapman@sakilacustomer.org
341;27-05-2005 4:01;4168;56;Gloria;Cook;gloria.cook@sakilacustomer.org
342;27-05-2005 4:11;4019;539;Mathew;Bolin;mathew.bolin@sakilacustomer.org
343;27-05-2005 4:13;3301;455;Jon;Wiles;jon.wiles@sakilacustomer.org
344;27-05-2005 4:30;2327;236;Marcia;Dean;marcia.dean@sakilacustomer.org
345;27-05-2005 4:32;1396;144;Clara;Shaw;clara.shaw@sakilacustomer.org
346;27-05-2005 4:34;4319;14;Betty;White;betty.white@sakilacustomer.org
347;27-05-2005 4:40;1625;378;Eugene;Culpepper;eugene.culpepper@sakilacustomer.org
348;27-05-2005 4:50;1825;473;Jorge;Olivares;jorge.olivares@sakilacustomer.org
349;27-05-2005 4:53;2920;36;Kathleen;Adams;kathleen.adams@sakilacustomer.org
350;27-05-2005 5:01;2756;9;Margaret;Moore;margaret.moore@sakilacustomer.org
351;27-05-2005 5:39;3371;118;Kim;Cruz;kim.cruz@sakilacustomer.org
352;27-05-2005 5:48;4369;157;Darlene;Rose;darlene.rose@sakilacustomer.org
353;27-05-2005 6:03;3989;503;Angel;Barclay;angel.barclay@sakilacustomer.org
354;27-05-2005 6:12;2058;452;Tom;Milner;tom.milner@sakilacustomer.org
355;27-05-2005 6:15;141;446;Theodore;Culp;theodore.culp@sakilacustomer.org
356;27-05-2005 6:32;2868;382;Victor;Barkley;victor.barkley@sakilacustomer.org
357;27-05-2005 6:37;4417;198;Elsie;Kelley;elsie.kelley@sakilacustomer.org
358;27-05-2005 6:43;1925;102;Crystal;Ford;crystal.ford@sakilacustomer.org
359;27-05-2005 6:48;1156;152;Alicia;Mills;alicia.mills@sakilacustomer.org
360;27-05-2005 6:51;3489;594;Eduardo;Hiatt;eduardo.hiatt@sakilacustomer.org
361;27-05-2005 7:03;6;587;Sergio;Stanfield;sergio.stanfield@sakilacustomer.org
362;27-05-2005 7:10;2324;147;Joanne;Robertson;joanne.robertson@sakilacustomer.org
363;27-05-2005 7:14;4282;345;Carl;Artis;carl.artis@sakilacustomer.org
364;27-05-2005 7:20;833;430;Ray;Houle;ray.houle@sakilacustomer.org
365;27-05-2005 7:31;2887;167;Sally;Pierce;sally.pierce@sakilacustomer.org
366;27-05-2005 7:33;360;134;Emma;Boyd;emma.boyd@sakilacustomer.org
367;27-05-2005 7:37;3437;439;Alexander;Fennell;alexander.fennell@sakilacustomer.org
368;27-05-2005 7:42;1247;361;Lawrence;Lawton;lawrence.lawton@sakilacustomer.org
369;27-05-2005 7:46;944;508;Milton;Howland;milton.howland@sakilacustomer.org
370;27-05-2005 7:49;3347;22;Laura;Rodriguez;laura.rodriguez@sakilacustomer.org
371;27-05-2005 8:08;1235;295;Daisy;Bates;daisy.bates@sakilacustomer.org
372;27-05-2005 8:13;4089;510;Ben;Easter;ben.easter@sakilacustomer.org
373;27-05-2005 8:16;1649;464;Jerome;Kenyon;jerome.kenyon@sakilacustomer.org
374;27-05-2005 8:26;4420;337;Jerry;Jordon;jerry.jordon@sakilacustomer.org
375;27-05-2005 8:49;1815;306;Charles;Kowalski;charles.kowalski@sakilacustomer.org
376;27-05-2005 8:58;3197;542;Lonnie;Tirado;lonnie.tirado@sakilacustomer.org
377;27-05-2005 9:04;3012;170;Beatrice;Arnold;beatrice.arnold@sakilacustomer.org
378;27-05-2005 9:23;2242;53;Heather;Morris;heather.morris@sakilacustomer.org
379;27-05-2005 9:25;3462;584;Salvador;Teel;salvador.teel@sakilacustomer.org
380;27-05-2005 9:34;1777;176;June;Carroll;june.carroll@sakilacustomer.org
381;27-05-2005 9:43;2748;371;Billy;Poulin;billy.poulin@sakilacustomer.org
382;27-05-2005 10:12;4358;183;Ida;Andrews;ida.andrews@sakilacustomer.org
383;27-05-2005 10:12;955;298;Erika;Pena;erika.pena@sakilacustomer.org
384;27-05-2005 10:18;910;371;Billy;Poulin;billy.poulin@sakilacustomer.org
385;27-05-2005 10:23;1565;213;Gina;Williamson;gina.williamson@sakilacustomer.org
386;27-05-2005 10:26;1288;109;Edna;West;edna.west@sakilacustomer.org
387;27-05-2005 10:35;2684;506;Leslie;Seward;leslie.seward@sakilacustomer.org
388;27-05-2005 10:37;434;28;Cynthia;Young;cynthia.young@sakilacustomer.org
389;27-05-2005 10:45;691;500;Reginald;Kinder;reginald.kinder@sakilacustomer.org
390;27-05-2005 11:02;3759;48;Ann;Evans;ann.evans@sakilacustomer.org
391;27-05-2005 11:03;2193;197;Sue;Peters;sue.peters@sakilacustomer.org
392;27-05-2005 11:14;263;359;Willie;Markham;willie.markham@sakilacustomer.org
393;27-05-2005 11:18;145;251;Vickie;Brewer;vickie.brewer@sakilacustomer.org
394;27-05-2005 11:26;1890;274;Naomi;Jennings;naomi.jennings@sakilacustomer.org
395;27-05-2005 11:45;752;575;Isaac;Oglesby;isaac.oglesby@sakilacustomer.org
396;27-05-2005 11:47;1020;112;Rosa;Reynolds;rosa.reynolds@sakilacustomer.org
397;27-05-2005 12:29;4193;544;Cody;Nolen;cody.nolen@sakilacustomer.org
398;27-05-2005 12:44;1686;422;Melvin;Ellington;melvin.ellington@sakilacustomer.org
399;27-05-2005 12:48;553;204;Rosemary;Schmidt;rosemary.schmidt@sakilacustomer.org
400;27-05-2005 12:51;258;249;Dora;Medina;dora.medina@sakilacustomer.org
401;27-05-2005 12:57;2179;46;Catherine;Campbell;catherine.campbell@sakilacustomer.org
402;27-05-2005 13:17;461;354;Justin;Ngo;justin.ngo@sakilacustomer.org
403;27-05-2005 13:28;3983;424;Kyle;Spurlock;kyle.spurlock@sakilacustomer.org
404;27-05-2005 13:31;1293;168;Regina;Berry;regina.berry@sakilacustomer.org
405;27-05-2005 13:32;4090;272;Kay;Caldwell;kay.caldwell@sakilacustomer.org
406;27-05-2005 13:46;2136;381;Bobby;Boudreau;bobby.boudreau@sakilacustomer.org
407;27-05-2005 13:57;1077;44;Marie;Turner;marie.turner@sakilacustomer.org
408;27-05-2005 13:57;1438;84;Sara;Perry;sara.perry@sakilacustomer.org
409;27-05-2005 14:10;3652;220;Charlene;Alvarez;charlene.alvarez@sakilacustomer.org
410;27-05-2005 14:11;4010;506;Leslie;Seward;leslie.seward@sakilacustomer.org
411;27-05-2005 14:14;1434;388;Craig;Morrell;craig.morrell@sakilacustomer.org
412;27-05-2005 14:17;1400;375;Aaron;Selby;aaron.selby@sakilacustomer.org
413;27-05-2005 14:45;3516;307;Joseph;Joy;joseph.joy@sakilacustomer.org
414;27-05-2005 14:48;1019;219;Willie;Howell;willie.howell@sakilacustomer.org
415;27-05-2005 14:51;3698;304;David;Royal;david.royal@sakilacustomer.org
416;27-05-2005 15:02;2371;222;Delores;Hansen;delores.hansen@sakilacustomer.org
417;27-05-2005 15:07;2253;475;Pedro;Chestnut;pedro.chestnut@sakilacustomer.org
418;27-05-2005 15:13;3063;151;Megan;Palmer;megan.palmer@sakilacustomer.org
419;27-05-2005 15:15;2514;77;Jane;Bennett;jane.bennett@sakilacustomer.org
420;27-05-2005 15:19;619;93;Phyllis;Foster;phyllis.foster@sakilacustomer.org
421;27-05-2005 15:30;2985;246;Marian;Mendoza;marian.mendoza@sakilacustomer.org
422;27-05-2005 15:31;1152;150;Danielle;Daniels;danielle.daniels@sakilacustomer.org
423;27-05-2005 15:32;1783;284;Sonia;Gregory;sonia.gregory@sakilacustomer.org
424;27-05-2005 15:34;2815;35;Virginia;Green;virginia.green@sakilacustomer.org
425;27-05-2005 15:51;1518;182;Renee;Lane;renee.lane@sakilacustomer.org
426;27-05-2005 15:56;1103;522;Arnold;Havens;arnold.havens@sakilacustomer.org
427;27-05-2005 16:10;1677;288;Bobbie;Craig;bobbie.craig@sakilacustomer.org
428;27-05-2005 16:10;3349;161;Geraldine;Perkins;geraldine.perkins@sakilacustomer.org
429;27-05-2005 16:21;129;498;Gene;Sanborn;gene.sanborn@sakilacustomer.org
430;27-05-2005 16:22;1920;190;Yolanda;Weaver;yolanda.weaver@sakilacustomer.org
431;27-05-2005 16:31;4507;334;Raymond;Mcwhorter;raymond.mcwhorter@sakilacustomer.org
432;27-05-2005 16:40;1119;46;Catherine;Campbell;catherine.campbell@sakilacustomer.org
433;27-05-2005 16:40;4364;574;Julian;Vest;julian.vest@sakilacustomer.org
434;27-05-2005 16:54;3360;246;Marian;Mendoza;marian.mendoza@sakilacustomer.org
435;27-05-2005 17:17;3328;3;Linda;Williams;linda.williams@sakilacustomer.org
436;27-05-2005 17:21;4317;267;Margie;Wade;margie.wade@sakilacustomer.org
437;27-05-2005 17:47;1800;525;Adrian;Clary;adrian.clary@sakilacustomer.org
438;27-05-2005 17:52;4260;249;Dora;Medina;dora.medina@sakilacustomer.org
439;27-05-2005 17:54;354;319;Ronald;Weiner;ronald.weiner@sakilacustomer.org
440;27-05-2005 18:00;4452;314;George;Linton;george.linton@sakilacustomer.org
441;27-05-2005 18:11;1578;54;Teresa;Rogers;teresa.rogers@sakilacustomer.org
442;27-05-2005 18:12;1457;403;Mike;Way;mike.way@sakilacustomer.org
443;27-05-2005 18:35;2021;547;Kurt;Emmons;kurt.emmons@sakilacustomer.org
444;27-05-2005 18:39;723;239;Minnie;Romero;minnie.romero@sakilacustomer.org
445;27-05-2005 18:42;1757;293;Mae;Fletcher;mae.fletcher@sakilacustomer.org
446;27-05-2005 18:48;1955;401;Tony;Carranza;tony.carranza@sakilacustomer.org
447;27-05-2005 18:57;3890;133;Pauline;Henry;pauline.henry@sakilacustomer.org
448;27-05-2005 19:03;2671;247;Stella;Moreno;stella.moreno@sakilacustomer.org
449;27-05-2005 19:13;2469;172;Bernice;Willis;bernice.willis@sakilacustomer.org
450;27-05-2005 19:18;1343;247;Stella;Moreno;stella.moreno@sakilacustomer.org
451;27-05-2005 19:27;205;87;Wanda;Patterson;wanda.patterson@sakilacustomer.org
452;27-05-2005 19:30;2993;127;Elaine;Stevens;elaine.stevens@sakilacustomer.org
453;27-05-2005 19:31;4425;529;Erik;Guillen;erik.guillen@sakilacustomer.org
454;27-05-2005 19:31;3499;575;Isaac;Oglesby;isaac.oglesby@sakilacustomer.org
455;27-05-2005 19:43;3344;343;Douglas;Graf;douglas.graf@sakilacustomer.org
456;27-05-2005 19:50;1699;92;Tina;Simmons;tina.simmons@sakilacustomer.org
457;27-05-2005 19:52;2368;300;John;Farnsworth;john.farnsworth@sakilacustomer.org
458;27-05-2005 19:58;3350;565;Jaime;Nettles;jaime.nettles@sakilacustomer.org
459;27-05-2005 20:00;597;468;Tim;Cary;tim.cary@sakilacustomer.org
460;27-05-2005 20:02;4238;240;Marlene;Welch;marlene.welch@sakilacustomer.org
461;27-05-2005 20:08;2077;447;Clifford;Bowens;clifford.bowens@sakilacustomer.org
462;27-05-2005 20:10;2314;364;Benjamin;Varney;benjamin.varney@sakilacustomer.org
463;27-05-2005 20:11;826;21;Michelle;Clark;michelle.clark@sakilacustomer.org
464;27-05-2005 20:42;1313;193;Katie;Elliott;katie.elliott@sakilacustomer.org
465;27-05-2005 20:44;20;261;Deanna;Byrd;deanna.byrd@sakilacustomer.org
466;27-05-2005 20:57;1786;442;Leroy;Bustamante;leroy.bustamante@sakilacustomer.org
467;27-05-2005 21:10;339;557;Felix;Gaffney;felix.gaffney@sakilacustomer.org
468;27-05-2005 21:13;2656;101;Peggy;Myers;peggy.myers@sakilacustomer.org
469;27-05-2005 21:14;4463;154;Michele;Grant;michele.grant@sakilacustomer.org
470;27-05-2005 21:17;1613;504;Nathaniel;Adam;nathaniel.adam@sakilacustomer.org
471;27-05-2005 21:32;2872;209;Tonya;Chapman;tonya.chapman@sakilacustomer.org
472;27-05-2005 21:36;1338;528;Claude;Herzog;claude.herzog@sakilacustomer.org
473;27-05-2005 21:36;802;105;Dawn;Sullivan;dawn.sullivan@sakilacustomer.org
474;27-05-2005 22:11;1474;274;Naomi;Jennings;naomi.jennings@sakilacustomer.org
475;27-05-2005 22:16;2520;159;Jill;Hawkins;jill.hawkins@sakilacustomer.org
476;27-05-2005 22:31;2451;543;Lance;Pemberton;lance.pemberton@sakilacustomer.org
477;27-05-2005 22:33;2437;161;Geraldine;Perkins;geraldine.perkins@sakilacustomer.org
478;27-05-2005 22:38;424;557;Felix;Gaffney;felix.gaffney@sakilacustomer.org
479;27-05-2005 22:39;2060;231;Georgia;Jacobs;georgia.jacobs@sakilacustomer.org
480;27-05-2005 22:47;2108;220;Charlene;Alvarez;charlene.alvarez@sakilacustomer.org
481;27-05-2005 22:49;72;445;Micheal;Forman;micheal.forman@sakilacustomer.org
482;27-05-2005 22:53;4178;546;Kelly;Knott;kelly.knott@sakilacustomer.org
483;27-05-2005 23:00;1510;32;Amy;Lopez;amy.lopez@sakilacustomer.org
484;27-05-2005 23:26;3115;491;Rick;Mattox;rick.mattox@sakilacustomer.org
485;27-05-2005 23:40;2392;105;Dawn;Sullivan;dawn.sullivan@sakilacustomer.org
486;27-05-2005 23:51;1822;398;Antonio;Meek;antonio.meek@sakilacustomer.org
487;28-05-2005 0:00;3774;569;Dave;Gardiner;dave.gardiner@sakilacustomer.org
488;28-05-2005 0:07;393;168;Regina;Berry;regina.berry@sakilacustomer.org
489;28-05-2005 0:09;1940;476;Derrick;Bourque;derrick.bourque@sakilacustomer.org
490;28-05-2005 0:09;3524;95;Paula;Bryant;paula.bryant@sakilacustomer.org
491;28-05-2005 0:13;1326;196;Alma;Austin;alma.austin@sakilacustomer.org
492;28-05-2005 0:24;1999;228;Allison;Stanley;allison.stanley@sakilacustomer.org
493;28-05-2005 0:34;184;501;Ruben;Geary;ruben.geary@sakilacustomer.org
494;28-05-2005 0:39;1850;64;Judith;Cox;judith.cox@sakilacustomer.org
495;28-05-2005 0:40;1007;526;Karl;Seal;karl.seal@sakilacustomer.org
496;28-05-2005 0:43;1785;56;Gloria;Cook;gloria.cook@sakilacustomer.org
497;28-05-2005 0:54;2636;20;Sharon;Robinson;sharon.robinson@sakilacustomer.org
498;28-05-2005 1:01;458;287;Becky;Miles;becky.miles@sakilacustomer.org
499;28-05-2005 1:05;2381;199;Beth;Franklin;beth.franklin@sakilacustomer.org
500;28-05-2005 1:05;4500;145;Lucille;Holmes;lucille.holmes@sakilacustomer.org
501;28-05-2005 1:09;601;162;Lauren;Hudson;lauren.hudson@sakilacustomer.org
502;28-05-2005 1:34;3131;179;Dana;Hart;dana.hart@sakilacustomer.org
503;28-05-2005 1:35;3005;288;Bobbie;Craig;bobbie.craig@sakilacustomer.org
504;28-05-2005 2:05;2086;170;Beatrice;Arnold;beatrice.arnold@sakilacustomer.org
505;28-05-2005 2:06;71;111;Carmen;Owens;carmen.owens@sakilacustomer.org
506;28-05-2005 2:09;667;469;Wesley;Bull;wesley.bull@sakilacustomer.org
507;28-05-2005 2:31;3621;421;Lee;Hawks;lee.hawks@sakilacustomer.org
508;28-05-2005 2:40;4179;434;Eddie;Tomlin;eddie.tomlin@sakilacustomer.org
509;28-05-2005 2:51;3416;147;Joanne;Robertson;joanne.robertson@sakilacustomer.org
510;28-05-2005 2:52;4338;113;Cindy;Fisher;cindy.fisher@sakilacustomer.org
511;28-05-2005 3:04;3827;296;Ramona;Hale;ramona.hale@sakilacustomer.org
512;28-05-2005 3:07;2176;231;Georgia;Jacobs;georgia.jacobs@sakilacustomer.org
513;28-05-2005 3:08;225;489;Ricardo;Meador;ricardo.meador@sakilacustomer.org
514;28-05-2005 3:09;1697;597;Freddie;Duggan;freddie.duggan@sakilacustomer.org
515;28-05-2005 3:10;3369;110;Tiffany;Jordan;tiffany.jordan@sakilacustomer.org
516;28-05-2005 3:11;4357;400;Bryan;Hardison;bryan.hardison@sakilacustomer.org
517;28-05-2005 3:17;234;403;Mike;Way;mike.way@sakilacustomer.org
518;28-05-2005 3:18;4087;480;Corey;Hauser;corey.hauser@sakilacustomer.org
519;28-05-2005 3:22;3564;245;Courtney;Day;courtney.day@sakilacustomer.org
520;28-05-2005 3:27;3845;161;Geraldine;Perkins;geraldine.perkins@sakilacustomer.org
521;28-05-2005 3:32;2397;374;Jeremy;Hurtado;jeremy.hurtado@sakilacustomer.org
522;28-05-2005 3:33;3195;382;Victor;Barkley;victor.barkley@sakilacustomer.org
523;28-05-2005 3:53;1905;138;Hazel;Warren;hazel.warren@sakilacustomer.org
524;28-05-2005 3:57;1962;223;Melinda;Fernandez;melinda.fernandez@sakilacustomer.org
525;28-05-2005 4:25;1817;14;Betty;White;betty.white@sakilacustomer.org
526;28-05-2005 4:27;1387;408;Manuel;Murrell;manuel.murrell@sakilacustomer.org
527;28-05-2005 4:28;266;169;Erica;Matthews;erica.matthews@sakilacustomer.org
528;28-05-2005 4:30;1655;359;Willie;Markham;willie.markham@sakilacustomer.org
529;28-05-2005 4:34;2624;469;Wesley;Bull;wesley.bull@sakilacustomer.org
530;28-05-2005 5:13;3332;312;Mark;Rinehart;mark.rinehart@sakilacustomer.org
531;28-05-2005 5:23;1113;589;Tracy;Herrmann;tracy.herrmann@sakilacustomer.org
532;28-05-2005 5:36;2793;120;Sylvia;Ortiz;sylvia.ortiz@sakilacustomer.org
533;28-05-2005 6:14;4306;528;Claude;Herzog;claude.herzog@sakilacustomer.org
534;28-05-2005 6:15;992;184;Vivian;Ruiz;vivian.ruiz@sakilacustomer.org
535;28-05-2005 6:16;4209;307;Joseph;Joy;joseph.joy@sakilacustomer.org
536;28-05-2005 6:17;2962;514;Franklin;Troutman;franklin.troutman@sakilacustomer.org
537;28-05-2005 6:20;3095;315;Kenneth;Gooden;kenneth.gooden@sakilacustomer.org
538;28-05-2005 6:21;2262;110;Tiffany;Jordan;tiffany.jordan@sakilacustomer.org
539;28-05-2005 6:26;3427;161;Geraldine;Perkins;geraldine.perkins@sakilacustomer.org
540;28-05-2005 6:40;3321;119;Sherry;Marshall;sherry.marshall@sakilacustomer.org
541;28-05-2005 6:41;1662;535;Javier;Elrod;javier.elrod@sakilacustomer.org
542;28-05-2005 6:42;4444;261;Deanna;Byrd;deanna.byrd@sakilacustomer.org
543;28-05-2005 6:43;530;493;Brent;Harkins;brent.harkins@sakilacustomer.org
544;28-05-2005 7:03;2964;311;Paul;Trout;paul.trout@sakilacustomer.org
545;28-05-2005 7:10;1086;54;Teresa;Rogers;teresa.rogers@sakilacustomer.org
546;28-05-2005 7:16;487;20;Sharon;Robinson;sharon.robinson@sakilacustomer.org
547;28-05-2005 7:24;2065;506;Leslie;Seward;leslie.seward@sakilacustomer.org
548;28-05-2005 7:34;3704;450;Jay;Robb;jay.robb@sakilacustomer.org
549;28-05-2005 7:35;1818;159;Jill;Hawkins;jill.hawkins@sakilacustomer.org
550;28-05-2005 7:39;3632;432;Edwin;Burk;edwin.burk@sakilacustomer.org
551;28-05-2005 7:44;3119;315;Kenneth;Gooden;kenneth.gooden@sakilacustomer.org
552;28-05-2005 7:53;23;106;Connie;Wallace;connie.wallace@sakilacustomer.org
553;28-05-2005 8:14;1349;176;June;Carroll;june.carroll@sakilacustomer.org
554;28-05-2005 8:23;1951;376;Randy;Gaither;randy.gaither@sakilacustomer.org
555;28-05-2005 8:31;4397;55;Doris;Reed;doris.reed@sakilacustomer.org
556;28-05-2005 8:31;1814;22;Laura;Rodriguez;laura.rodriguez@sakilacustomer.org
557;28-05-2005 8:36;158;444;Marcus;Hidalgo;marcus.hidalgo@sakilacustomer.org
558;28-05-2005 8:38;4163;442;Leroy;Bustamante;leroy.bustamante@sakilacustomer.org
559;28-05-2005 8:39;1227;572;Sidney;Burleson;sidney.burleson@sakilacustomer.org
560;28-05-2005 8:53;644;463;Darrell;Power;darrell.power@sakilacustomer.org
561;28-05-2005 8:54;928;77;Jane;Bennett;jane.bennett@sakilacustomer.org
562;28-05-2005 9:01;3390;102;Crystal;Ford;crystal.ford@sakilacustomer.org
563;28-05-2005 9:10;53;324;Gary;Coy;gary.coy@sakilacustomer.org
564;28-05-2005 9:12;2973;282;Jenny;Castro;jenny.castro@sakilacustomer.org
565;28-05-2005 9:26;1494;288;Bobbie;Craig;bobbie.craig@sakilacustomer.org
566;28-05-2005 9:51;4330;253;Terry;Carlson;terry.carlson@sakilacustomer.org
567;28-05-2005 9:56;3308;184;Vivian;Ruiz;vivian.ruiz@sakilacustomer.org
568;28-05-2005 9:57;2232;155;Gail;Knight;gail.knight@sakilacustomer.org
569;28-05-2005 10:12;4534;56;Gloria;Cook;gloria.cook@sakilacustomer.org
570;28-05-2005 10:15;1122;21;Michelle;Clark;michelle.clark@sakilacustomer.org
571;28-05-2005 10:17;4250;516;Elmer;Noe;elmer.noe@sakilacustomer.org
572;28-05-2005 10:30;1899;337;Jerry;Jordon;jerry.jordon@sakilacustomer.org
573;28-05-2005 10:35;4020;1;Mary;Smith;mary.smith@sakilacustomer.org
574;28-05-2005 10:44;3883;76;Irene;Price;irene.price@sakilacustomer.org
575;28-05-2005 10:56;4451;142;April;Burns;april.burns@sakilacustomer.org
576;28-05-2005 10:56;1866;588;Marion;Ocampo;marion.ocampo@sakilacustomer.org
577;28-05-2005 11:09;375;6;Jennifer;Davis;jennifer.davis@sakilacustomer.org
578;28-05-2005 11:15;2938;173;Audrey;Ray;audrey.ray@sakilacustomer.org
579;28-05-2005 11:19;3481;181;Ana;Bradley;ana.bradley@sakilacustomer.org
580;28-05-2005 11:19;3515;17;Donna;Thompson;donna.thompson@sakilacustomer.org
581;28-05-2005 11:20;1380;186;Holly;Fox;holly.fox@sakilacustomer.org
582;28-05-2005 11:33;4579;198;Elsie;Kelley;elsie.kelley@sakilacustomer.org
583;28-05-2005 11:48;2679;386;Todd;Tan;todd.tan@sakilacustomer.org
584;28-05-2005 11:49;1833;69;Judy;Gray;judy.gray@sakilacustomer.org
585;28-05-2005 11:50;3544;490;Sam;Mcduffie;sam.mcduffie@sakilacustomer.org
586;28-05-2005 12:03;898;77;Jane;Bennett;jane.bennett@sakilacustomer.org
587;28-05-2005 12:05;1413;64;Judith;Cox;judith.cox@sakilacustomer.org
588;28-05-2005 12:08;95;89;Julia;Flores;julia.flores@sakilacustomer.org
589;28-05-2005 12:27;4231;308;Thomas;Grigsby;thomas.grigsby@sakilacustomer.org
590;28-05-2005 13:06;473;462;Warren;Sherrod;warren.sherrod@sakilacustomer.org
591;28-05-2005 13:11;377;19;Ruth;Martinez;ruth.martinez@sakilacustomer.org
592;28-05-2005 13:21;638;244;Viola;Hanson;viola.hanson@sakilacustomer.org
593;28-05-2005 13:33;1810;16;Sandra;Martin;sandra.martin@sakilacustomer.org
594;28-05-2005 13:41;2766;538;Ted;Breaux;ted.breaux@sakilacustomer.org
595;28-05-2005 13:59;595;294;Shelly;Watts;shelly.watts@sakilacustomer.org
596;28-05-2005 14:00;821;589;Tracy;Herrmann;tracy.herrmann@sakilacustomer.org
597;28-05-2005 14:01;4469;249;Dora;Medina;dora.medina@sakilacustomer.org
598;28-05-2005 14:04;599;159;Jill;Hawkins;jill.hawkins@sakilacustomer.org
599;28-05-2005 14:05;4136;393;Philip;Causey;philip.causey@sakilacustomer.org
600;28-05-2005 14:08;1567;332;Stephen;Qualls;stephen.qualls@sakilacustomer.org
601;28-05-2005 14:08;3225;429;Frederick;Isbell;frederick.isbell@sakilacustomer.org
602;28-05-2005 14:15;1300;590;Seth;Hannon;seth.hannon@sakilacustomer.org
603;28-05-2005 14:27;3248;537;Clinton;Buford;clinton.buford@sakilacustomer.org
604;28-05-2005 14:37;1585;426;Bradley;Motley;bradley.motley@sakilacustomer.org
605;28-05-2005 14:39;4232;501;Ruben;Geary;ruben.geary@sakilacustomer.org
606;28-05-2005 14:48;3509;299;James;Gannon;james.gannon@sakilacustomer.org
607;28-05-2005 15:02;2561;554;Dwayne;Olvera;dwayne.olvera@sakilacustomer.org
608;28-05-2005 15:03;4254;494;Ramon;Choate;ramon.choate@sakilacustomer.org
609;28-05-2005 15:04;2944;150;Danielle;Daniels;danielle.daniels@sakilacustomer.org
610;28-05-2005 15:15;3642;500;Reginald;Kinder;reginald.kinder@sakilacustomer.org
611;28-05-2005 15:18;1230;580;Ross;Grey;ross.grey@sakilacustomer.org
612;28-05-2005 15:24;2180;161;Geraldine;Perkins;geraldine.perkins@sakilacustomer.org
613;28-05-2005 15:27;270;595;Terrence;Gunderson;terrence.gunderson@sakilacustomer.org
614;28-05-2005 15:33;280;307;Joseph;Joy;joseph.joy@sakilacustomer.org
615;28-05-2005 15:35;3397;533;Jessie;Milam;jessie.milam@sakilacustomer.org
616;28-05-2005 15:45;989;471;Dean;Sauer;dean.sauer@sakilacustomer.org
617;28-05-2005 15:49;4142;372;Steve;Mackenzie;steve.mackenzie@sakilacustomer.org
618;28-05-2005 15:50;4445;248;Caroline;Bowman;caroline.bowman@sakilacustomer.org
619;28-05-2005 15:52;2482;407;Dale;Ratcliff;dale.ratcliff@sakilacustomer.org
620;28-05-2005 15:54;2444;321;Kevin;Schuler;kevin.schuler@sakilacustomer.org
621;28-05-2005 15:58;1144;239;Minnie;Romero;minnie.romero@sakilacustomer.org
622;28-05-2005 15:58;2363;109;Edna;West;edna.west@sakilacustomer.org
623;28-05-2005 16:01;1222;495;Charlie;Bess;charlie.bess@sakilacustomer.org
624;28-05-2005 16:13;3660;569;Dave;Gardiner;dave.gardiner@sakilacustomer.org
625;28-05-2005 16:35;2889;596;Enrique;Forsythe;enrique.forsythe@sakilacustomer.org
626;28-05-2005 16:58;452;584;Salvador;Teel;salvador.teel@sakilacustomer.org
627;28-05-2005 17:04;425;241;Heidi;Larson;heidi.larson@sakilacustomer.org
628;28-05-2005 17:05;2513;173;Audrey;Ray;audrey.ray@sakilacustomer.org
629;28-05-2005 17:19;1527;94;Norma;Gonzales;norma.gonzales@sakilacustomer.org
630;28-05-2005 17:24;1254;417;Travis;Estep;travis.estep@sakilacustomer.org
631;28-05-2005 17:36;2465;503;Angel;Barclay;angel.barclay@sakilacustomer.org
632;28-05-2005 17:37;1287;442;Leroy;Bustamante;leroy.bustamante@sakilacustomer.org
633;28-05-2005 17:37;58;360;Ralph;Madrigal;ralph.madrigal@sakilacustomer.org
634;28-05-2005 17:40;2630;428;Herbert;Kruger;herbert.kruger@sakilacustomer.org
635;28-05-2005 17:46;1648;42;Carolyn;Perez;carolyn.perez@sakilacustomer.org
636;28-05-2005 17:47;4213;239;Minnie;Romero;minnie.romero@sakilacustomer.org
637;28-05-2005 18:14;1581;250;Jo;Fowler;jo.fowler@sakilacustomer.org
638;28-05-2005 18:24;2685;372;Steve;Mackenzie;steve.mackenzie@sakilacustomer.org
639;28-05-2005 18:25;4204;198;Elsie;Kelley;elsie.kelley@sakilacustomer.org
640;28-05-2005 18:43;495;465;Floyd;Gandy;floyd.gandy@sakilacustomer.org
641;28-05-2005 18:45;3548;396;Earl;Shanks;earl.shanks@sakilacustomer.org
642;28-05-2005 18:49;140;157;Darlene;Rose;darlene.rose@sakilacustomer.org
643;28-05-2005 18:52;3105;240;Marlene;Welch;marlene.welch@sakilacustomer.org
644;28-05-2005 18:59;4304;316;Steven;Curley;steven.curley@sakilacustomer.org
645;28-05-2005 19:14;3128;505;Rafael;Abney;rafael.abney@sakilacustomer.org
646;28-05-2005 19:16;1922;185;Roberta;Harper;roberta.harper@sakilacustomer.org
647;28-05-2005 19:22;3435;569;Dave;Gardiner;dave.gardiner@sakilacustomer.org
648;28-05-2005 19:25;3476;253;Terry;Carlson;terry.carlson@sakilacustomer.org
649;28-05-2005 19:35;1781;197;Sue;Peters;sue.peters@sakilacustomer.org
650;28-05-2005 19:45;4384;281;Leona;Obrien;leona.obrien@sakilacustomer.org
651;28-05-2005 19:46;739;266;Nora;Herrera;nora.herrera@sakilacustomer.org
652;28-05-2005 20:08;1201;43;Christine;Roberts;christine.roberts@sakilacustomer.org
653;28-05-2005 20:12;126;327;Larry;Thrasher;larry.thrasher@sakilacustomer.org
654;28-05-2005 20:15;2312;23;Sarah;Lewis;sarah.lewis@sakilacustomer.org
655;28-05-2005 20:16;331;287;Becky;Miles;becky.miles@sakilacustomer.org
656;28-05-2005 20:18;2846;437;Randall;Neumann;randall.neumann@sakilacustomer.org
657;28-05-2005 20:23;848;65;Rose;Howard;rose.howard@sakilacustomer.org
658;28-05-2005 20:23;3226;103;Gladys;Hamilton;gladys.hamilton@sakilacustomer.org
659;28-05-2005 20:27;1382;207;Gertrude;Castillo;gertrude.castillo@sakilacustomer.org
660;28-05-2005 20:53;1414;578;Willard;Lumpkin;willard.lumpkin@sakilacustomer.org
661;28-05-2005 21:01;2247;51;Alice;Stewart;alice.stewart@sakilacustomer.org
662;28-05-2005 21:09;2968;166;Lynn;Payne;lynn.payne@sakilacustomer.org
663;28-05-2005 21:23;3997;176;June;Carroll;june.carroll@sakilacustomer.org
664;28-05-2005 21:31;87;523;Harvey;Guajardo;harvey.guajardo@sakilacustomer.org
665;28-05-2005 21:38;1012;415;Glenn;Pullen;glenn.pullen@sakilacustomer.org
666;28-05-2005 21:48;3075;437;Randall;Neumann;randall.neumann@sakilacustomer.org
667;28-05-2005 21:49;797;596;Enrique;Forsythe;enrique.forsythe@sakilacustomer.org
668;28-05-2005 21:54;3528;484;Roberto;Vu;roberto.vu@sakilacustomer.org
669;28-05-2005 22:03;3677;313;Donald;Mahon;donald.mahon@sakilacustomer.org
670;28-05-2005 22:04;227;201;Vicki;Fields;vicki.fields@sakilacustomer.org
671;28-05-2005 22:04;1027;14;Betty;White;betty.white@sakilacustomer.org
672;28-05-2005 22:05;697;306;Charles;Kowalski;charles.kowalski@sakilacustomer.org
673;28-05-2005 22:07;1769;468;Tim;Cary;tim.cary@sakilacustomer.org
674;28-05-2005 22:11;1150;87;Wanda;Patterson;wanda.patterson@sakilacustomer.org
675;28-05-2005 22:22;1273;338;Dennis;Gilman;dennis.gilman@sakilacustomer.org
676;28-05-2005 22:27;2329;490;Sam;Mcduffie;sam.mcduffie@sakilacustomer.org
677;28-05-2005 23:00;4558;194;Kristen;Chavez;kristen.chavez@sakilacustomer.org
678;28-05-2005 23:15;3741;269;Cassandra;Walters;cassandra.walters@sakilacustomer.org
679;28-05-2005 23:24;907;526;Karl;Seal;karl.seal@sakilacustomer.org
680;28-05-2005 23:27;4147;482;Maurice;Crawley;maurice.crawley@sakilacustomer.org
681;28-05-2005 23:39;3346;531;Jamie;Waugh;jamie.waugh@sakilacustomer.org
682;28-05-2005 23:53;3160;148;Eleanor;Hunt;eleanor.hunt@sakilacustomer.org
683;29-05-2005 0:09;2038;197;Sue;Peters;sue.peters@sakilacustomer.org
684;29-05-2005 0:13;3242;461;Derek;Blakely;derek.blakely@sakilacustomer.org
685;29-05-2005 0:17;1385;172;Bernice;Willis;bernice.willis@sakilacustomer.org
686;29-05-2005 0:27;2441;411;Norman;Currier;norman.currier@sakilacustomer.org
687;29-05-2005 0:32;1731;250;Jo;Fowler;jo.fowler@sakilacustomer.org
688;29-05-2005 0:45;4135;162;Lauren;Hudson;lauren.hudson@sakilacustomer.org
689;29-05-2005 0:46;742;571;Johnnie;Chisholm;johnnie.chisholm@sakilacustomer.org
690;29-05-2005 0:54;2646;85;Anne;Powell;anne.powell@sakilacustomer.org
691;29-05-2005 1:01;4034;433;Don;Bone;don.bone@sakilacustomer.org
692;29-05-2005 1:32;800;18;Carol;Garcia;carol.garcia@sakilacustomer.org
693;29-05-2005 1:42;635;190;Yolanda;Weaver;yolanda.weaver@sakilacustomer.org
694;29-05-2005 1:49;592;399;Danny;Isom;danny.isom@sakilacustomer.org
695;29-05-2005 1:50;4276;528;Claude;Herzog;claude.herzog@sakilacustomer.org
696;29-05-2005 1:59;2076;19;Ruth;Martinez;ruth.martinez@sakilacustomer.org
697;29-05-2005 2:04;3949;387;Jesse;Schilling;jesse.schilling@sakilacustomer.org
698;29-05-2005 2:10;1412;109;Edna;West;edna.west@sakilacustomer.org
699;29-05-2005 2:11;130;246;Marian;Mendoza;marian.mendoza@sakilacustomer.org
700;29-05-2005 2:18;500;117;Edith;Mcdonald;edith.mcdonald@sakilacustomer.org
701;29-05-2005 2:26;372;112;Rosa;Reynolds;rosa.reynolds@sakilacustomer.org
702;29-05-2005 2:27;2556;475;Pedro;Chestnut;pedro.chestnut@sakilacustomer.org
703;29-05-2005 2:29;1123;269;Cassandra;Walters;cassandra.walters@sakilacustomer.org
704;29-05-2005 2:44;2628;330;Scott;Shelley;scott.shelley@sakilacustomer.org
705;29-05-2005 2:48;2809;257;Marsha;Douglas;marsha.douglas@sakilacustomer.org
706;29-05-2005 3:05;2278;60;Mildred;Bailey;mildred.bailey@sakilacustomer.org
707;29-05-2005 3:18;819;252;Mattie;Hoffman;mattie.hoffman@sakilacustomer.org
708;29-05-2005 3:23;3133;127;Elaine;Stevens;elaine.stevens@sakilacustomer.org
709;29-05-2005 3:48;2459;479;Zachary;Hite;zachary.hite@sakilacustomer.org
710;29-05-2005 3:48;194;518;Gabriel;Harder;gabriel.harder@sakilacustomer.org
711;29-05-2005 3:49;4581;215;Jessie;Banks;jessie.banks@sakilacustomer.org
712;29-05-2005 4:02;4191;313;Donald;Mahon;donald.mahon@sakilacustomer.org
713;29-05-2005 4:10;3664;507;Edgar;Rhoads;edgar.rhoads@sakilacustomer.org
714;29-05-2005 4:15;2010;452;Tom;Milner;tom.milner@sakilacustomer.org
715;29-05-2005 4:22;2030;545;Julio;Noland;julio.noland@sakilacustomer.org
716;29-05-2005 4:35;85;36;Kathleen;Adams;kathleen.adams@sakilacustomer.org
717;29-05-2005 4:37;1383;412;Allen;Butterfield;allen.butterfield@sakilacustomer.org
718;29-05-2005 4:52;1736;498;Gene;Sanborn;gene.sanborn@sakilacustomer.org
719;29-05-2005 5:16;267;245;Courtney;Day;courtney.day@sakilacustomer.org
720;29-05-2005 5:17;3687;480;Corey;Hauser;corey.hauser@sakilacustomer.org
721;29-05-2005 5:28;1116;44;Marie;Turner;marie.turner@sakilacustomer.org
722;29-05-2005 5:30;4540;259;Lena;Jensen;lena.jensen@sakilacustomer.org
723;29-05-2005 5:34;3407;309;Christopher;Greco;christopher.greco@sakilacustomer.org
724;29-05-2005 5:53;3770;416;Jeffery;Pinson;jeffery.pinson@sakilacustomer.org
725;29-05-2005 6:03;4088;245;Courtney;Day;courtney.day@sakilacustomer.org
726;29-05-2005 6:05;933;452;Tom;Milner;tom.milner@sakilacustomer.org
727;29-05-2005 6:08;1629;484;Roberto;Vu;roberto.vu@sakilacustomer.org
728;29-05-2005 6:12;242;551;Clayton;Barbee;clayton.barbee@sakilacustomer.org
729;29-05-2005 6:35;1688;323;Matthew;Mahan;matthew.mahan@sakilacustomer.org
730;29-05-2005 7:00;3473;197;Sue;Peters;sue.peters@sakilacustomer.org
731;29-05-2005 7:25;4124;5;Elizabeth;Brown;elizabeth.brown@sakilacustomer.org
732;29-05-2005 7:32;2530;447;Clifford;Bowens;clifford.bowens@sakilacustomer.org
733;29-05-2005 7:35;2951;363;Roy;Whiting;roy.whiting@sakilacustomer.org
734;29-05-2005 7:38;3084;538;Ted;Breaux;ted.breaux@sakilacustomer.org
735;29-05-2005 8:08;3421;454;Alex;Gresham;alex.gresham@sakilacustomer.org
736;29-05-2005 8:10;3689;276;Brandy;Graves;brandy.graves@sakilacustomer.org
737;29-05-2005 8:11;769;589;Tracy;Herrmann;tracy.herrmann@sakilacustomer.org
738;29-05-2005 8:20;2284;256;Mabel;Holland;mabel.holland@sakilacustomer.org
739;29-05-2005 8:28;1183;84;Sara;Perry;sara.perry@sakilacustomer.org
740;29-05-2005 8:30;600;89;Julia;Flores;julia.flores@sakilacustomer.org
741;29-05-2005 8:35;3189;495;Charlie;Bess;charlie.bess@sakilacustomer.org
742;29-05-2005 8:36;273;483;Vernon;Chapa;vernon.chapa@sakilacustomer.org
743;29-05-2005 8:39;2528;548;Allan;Cornish;allan.cornish@sakilacustomer.org
744;29-05-2005 9:13;3722;420;Jacob;Lance;jacob.lance@sakilacustomer.org
745;29-05-2005 9:22;581;152;Alicia;Mills;alicia.mills@sakilacustomer.org
746;29-05-2005 9:25;4272;130;Charlotte;Hunter;charlotte.hunter@sakilacustomer.org
747;29-05-2005 9:26;1993;291;Toni;Holt;toni.holt@sakilacustomer.org
748;29-05-2005 9:27;2803;7;Maria;Miller;maria.miller@sakilacustomer.org
749;29-05-2005 9:33;1146;375;Aaron;Selby;aaron.selby@sakilacustomer.org
750;29-05-2005 9:41;730;269;Cassandra;Walters;cassandra.walters@sakilacustomer.org
751;29-05-2005 9:55;2711;53;Heather;Morris;heather.morris@sakilacustomer.org
752;29-05-2005 10:14;1720;126;Ellen;Simpson;ellen.simpson@sakilacustomer.org
753;29-05-2005 10:16;1021;135;Juanita;Mason;juanita.mason@sakilacustomer.org
754;29-05-2005 10:18;734;281;Leona;Obrien;leona.obrien@sakilacustomer.org
755;29-05-2005 10:26;3090;576;Morris;Mccarter;morris.mccarter@sakilacustomer.org
756;29-05-2005 10:28;3152;201;Vicki;Fields;vicki.fields@sakilacustomer.org
757;29-05-2005 10:29;1067;435;Ricky;Shelby;ricky.shelby@sakilacustomer.org
758;29-05-2005 10:31;1191;563;Ken;Prewitt;ken.prewitt@sakilacustomer.org
759;29-05-2005 10:57;2367;179;Dana;Hart;dana.hart@sakilacustomer.org
760;29-05-2005 11:07;3250;77;Jane;Bennett;jane.bennett@sakilacustomer.org
761;29-05-2005 11:09;2342;58;Jean;Bell;jean.bell@sakilacustomer.org
762;29-05-2005 11:15;3683;146;Jamie;Rice;jamie.rice@sakilacustomer.org
763;29-05-2005 11:32;2022;50;Diane;Collins;diane.collins@sakilacustomer.org
764;29-05-2005 11:37;1069;149;Valerie;Black;valerie.black@sakilacustomer.org
765;29-05-2005 11:38;515;69;Judy;Gray;judy.gray@sakilacustomer.org
766;29-05-2005 11:47;2154;383;Martin;Bales;martin.bales@sakilacustomer.org
767;29-05-2005 12:20;687;67;Kelly;Torres;kelly.torres@sakilacustomer.org
768;29-05-2005 12:30;2895;566;Casey;Mena;casey.mena@sakilacustomer.org
769;29-05-2005 12:51;1523;575;Isaac;Oglesby;isaac.oglesby@sakilacustomer.org
770;29-05-2005 12:56;2491;405;Leonard;Schofield;leonard.schofield@sakilacustomer.org
771;29-05-2005 12:59;353;476;Derrick;Bourque;derrick.bourque@sakilacustomer.org
772;29-05-2005 13:08;3319;556;Armando;Gruber;armando.gruber@sakilacustomer.org
773;29-05-2005 13:18;245;563;Ken;Prewitt;ken.prewitt@sakilacustomer.org
774;29-05-2005 13:19;1188;575;Isaac;Oglesby;isaac.oglesby@sakilacustomer.org
775;29-05-2005 13:23;1197;124;Sheila;Wells;sheila.wells@sakilacustomer.org
776;29-05-2005 13:35;4339;113;Cindy;Fisher;cindy.fisher@sakilacustomer.org
777;29-05-2005 14:07;451;360;Ralph;Madrigal;ralph.madrigal@sakilacustomer.org
778;29-05-2005 14:09;1816;535;Javier;Elrod;javier.elrod@sakilacustomer.org
779;29-05-2005 14:17;533;105;Dawn;Sullivan;dawn.sullivan@sakilacustomer.org
780;29-05-2005 14:18;1919;300;John;Farnsworth;john.farnsworth@sakilacustomer.org
781;29-05-2005 14:23;88;313;Donald;Mahon;donald.mahon@sakilacustomer.org
782;29-05-2005 14:38;2255;596;Enrique;Forsythe;enrique.forsythe@sakilacustomer.org
783;29-05-2005 14:41;3046;53;Heather;Morris;heather.morris@sakilacustomer.org
784;29-05-2005 14:44;2936;352;Albert;Crouse;albert.crouse@sakilacustomer.org
785;29-05-2005 15:08;39;72;Theresa;Watson;theresa.watson@sakilacustomer.org
786;29-05-2005 15:17;2637;439;Alexander;Fennell;alexander.fennell@sakilacustomer.org
787;29-05-2005 16:03;3919;27;Shirley;Allen;shirley.allen@sakilacustomer.org
788;29-05-2005 16:13;763;562;Wallace;Slone;wallace.slone@sakilacustomer.org
789;29-05-2005 16:17;708;553;Max;Pitt;max.pitt@sakilacustomer.org
790;29-05-2005 16:19;2858;593;Rene;Mcalister;rene.mcalister@sakilacustomer.org
791;29-05-2005 16:30;1554;284;Sonia;Gregory;sonia.gregory@sakilacustomer.org
792;29-05-2005 16:32;2841;261;Deanna;Byrd;deanna.byrd@sakilacustomer.org
793;29-05-2005 16:44;379;528;Claude;Herzog;claude.herzog@sakilacustomer.org
794;29-05-2005 16:44;1995;50;Diane;Collins;diane.collins@sakilacustomer.org
795;29-05-2005 16:57;609;551;Clayton;Barbee;clayton.barbee@sakilacustomer.org
796;29-05-2005 16:59;2697;26;Jessica;Hall;jessica.hall@sakilacustomer.org
797;29-05-2005 17:12;1446;244;Viola;Hanson;viola.hanson@sakilacustomer.org
798;29-05-2005 17:23;1102;134;Emma;Boyd;emma.boyd@sakilacustomer.org
799;29-05-2005 17:24;1713;429;Frederick;Isbell;frederick.isbell@sakilacustomer.org
800;29-05-2005 17:28;441;472;Greg;Robins;greg.robins@sakilacustomer.org
801;29-05-2005 17:35;1642;402;Luis;Yanez;luis.yanez@sakilacustomer.org
802;29-05-2005 17:38;785;350;Juan;Fraley;juan.fraley@sakilacustomer.org
803;29-05-2005 17:52;1602;32;Amy;Lopez;amy.lopez@sakilacustomer.org
804;29-05-2005 18:10;3909;171;Dolores;Wagner;dolores.wagner@sakilacustomer.org
805;29-05-2005 18:18;3132;232;Constance;Reid;constance.reid@sakilacustomer.org
806;29-05-2005 18:31;2386;435;Ricky;Shelby;ricky.shelby@sakilacustomer.org
807;29-05-2005 18:50;2195;235;Jackie;Lynch;jackie.lynch@sakilacustomer.org
808;29-05-2005 19:08;1928;104;Rita;Graham;rita.graham@sakilacustomer.org
809;29-05-2005 19:10;2114;222;Delores;Hansen;delores.hansen@sakilacustomer.org
810;29-05-2005 19:12;2533;346;Arthur;Simpkins;arthur.simpkins@sakilacustomer.org
811;29-05-2005 19:30;4419;401;Tony;Carranza;tony.carranza@sakilacustomer.org
812;29-05-2005 20:00;1099;225;Arlene;Harvey;arlene.harvey@sakilacustomer.org
813;29-05-2005 20:14;4554;344;Henry;Billingsley;henry.billingsley@sakilacustomer.org
814;29-05-2005 20:16;1572;134;Emma;Boyd;emma.boyd@sakilacustomer.org
815;29-05-2005 20:24;3757;14;Betty;White;betty.white@sakilacustomer.org
816;29-05-2005 20:26;630;474;Dustin;Gillette;dustin.gillette@sakilacustomer.org
817;29-05-2005 20:39;186;554;Dwayne;Olvera;dwayne.olvera@sakilacustomer.org
818;29-05-2005 20:47;4106;321;Kevin;Schuler;kevin.schuler@sakilacustomer.org
819;29-05-2005 21:00;623;511;Chester;Benner;chester.benner@sakilacustomer.org
820;29-05-2005 21:07;2584;22;Laura;Rodriguez;laura.rodriguez@sakilacustomer.org
821;29-05-2005 21:31;3380;348;Roger;Quintanilla;roger.quintanilla@sakilacustomer.org
822;29-05-2005 21:36;2634;480;Corey;Hauser;corey.hauser@sakilacustomer.org
823;29-05-2005 21:39;3249;441;Mario;Cheatham;mario.cheatham@sakilacustomer.org
824;29-05-2005 21:45;3518;357;Keith;Rico;keith.rico@sakilacustomer.org
825;29-05-2005 21:49;712;371;Billy;Poulin;billy.poulin@sakilacustomer.org
826;29-05-2005 21:56;2263;207;Gertrude;Castillo;gertrude.castillo@sakilacustomer.org
827;29-05-2005 21:58;62;573;Byron;Box;byron.box@sakilacustomer.org
828;29-05-2005 22:14;2468;217;Agnes;Bishop;agnes.bishop@sakilacustomer.org
829;29-05-2005 22:16;1684;371;Billy;Poulin;billy.poulin@sakilacustomer.org
830;29-05-2005 22:43;3464;3;Linda;Williams;linda.williams@sakilacustomer.org
831;29-05-2005 22:50;3912;509;Raul;Fortier;raul.fortier@sakilacustomer.org
832;29-05-2005 22:51;1381;159;Jill;Hawkins;jill.hawkins@sakilacustomer.org
833;29-05-2005 23:21;2898;417;Travis;Estep;travis.estep@sakilacustomer.org
834;29-05-2005 23:24;3628;84;Sara;Perry;sara.perry@sakilacustomer.org
835;29-05-2005 23:37;299;381;Bobby;Boudreau;bobby.boudreau@sakilacustomer.org
836;29-05-2005 23:56;3140;368;Harry;Arce;harry.arce@sakilacustomer.org
837;30-05-2005 0:02;977;172;Bernice;Willis;bernice.willis@sakilacustomer.org
838;30-05-2005 0:27;2859;504;Nathaniel;Adam;nathaniel.adam@sakilacustomer.org
839;30-05-2005 0:28;1886;337;Jerry;Jordon;jerry.jordon@sakilacustomer.org
840;30-05-2005 0:28;4049;79;Rachel;Barnes;rachel.barnes@sakilacustomer.org
841;30-05-2005 0:31;4318;387;Jesse;Schilling;jesse.schilling@sakilacustomer.org
842;30-05-2005 0:32;2328;238;Nellie;Garrett;nellie.garrett@sakilacustomer.org
843;30-05-2005 0:44;2214;313;Donald;Mahon;donald.mahon@sakilacustomer.org
844;30-05-2005 0:58;536;429;Frederick;Isbell;frederick.isbell@sakilacustomer.org
845;30-05-2005 1:17;2001;72;Theresa;Watson;theresa.watson@sakilacustomer.org
846;30-05-2005 1:17;938;49;Joyce;Edwards;joyce.edwards@sakilacustomer.org
847;30-05-2005 1:18;4387;380;Russell;Brinson;russell.brinson@sakilacustomer.org
848;30-05-2005 1:19;1363;436;Troy;Quigley;troy.quigley@sakilacustomer.org
849;30-05-2005 1:23;2424;449;Oscar;Aquino;oscar.aquino@sakilacustomer.org
850;30-05-2005 1:35;2390;517;Brad;Mccurdy;brad.mccurdy@sakilacustomer.org
851;30-05-2005 1:35;2780;530;Darryl;Ashcraft;darryl.ashcraft@sakilacustomer.org
852;30-05-2005 1:36;1622;549;Nelson;Christenson;nelson.christenson@sakilacustomer.org
853;30-05-2005 1:43;3693;122;Thelma;Murray;thelma.murray@sakilacustomer.org
854;30-05-2005 1:56;921;369;Fred;Wheat;fred.wheat@sakilacustomer.org
855;30-05-2005 2:00;2527;406;Nathan;Runyon;nathan.runyon@sakilacustomer.org
856;30-05-2005 2:01;3969;53;Heather;Morris;heather.morris@sakilacustomer.org
857;30-05-2005 2:01;2569;204;Rosemary;Schmidt;rosemary.schmidt@sakilacustomer.org
858;30-05-2005 2:10;1258;358;Samuel;Marlow;samuel.marlow@sakilacustomer.org
859;30-05-2005 2:36;3032;79;Rachel;Barnes;rachel.barnes@sakilacustomer.org
860;30-05-2005 2:45;578;276;Brandy;Graves;brandy.graves@sakilacustomer.org
861;30-05-2005 2:48;3711;502;Brett;Cornwell;brett.cornwell@sakilacustomer.org
862;30-05-2005 3:09;1186;328;Jeffrey;Spear;jeffrey.spear@sakilacustomer.org
863;30-05-2005 3:14;3999;379;Carlos;Coughlin;carlos.coughlin@sakilacustomer.org
864;30-05-2005 3:27;2777;544;Cody;Nolen;cody.nolen@sakilacustomer.org
865;30-05-2005 3:39;3183;154;Michele;Grant;michele.grant@sakilacustomer.org
866;30-05-2005 3:43;2867;8;Susan;Wilson;susan.wilson@sakilacustomer.org
867;30-05-2005 3:54;3389;99;Emily;Diaz;emily.diaz@sakilacustomer.org
868;30-05-2005 4:19;3604;28;Cynthia;Young;cynthia.young@sakilacustomer.org
869;30-05-2005 4:22;3399;296;Ramona;Hale;ramona.hale@sakilacustomer.org
870;30-05-2005 4:25;2903;391;Clarence;Gamez;clarence.gamez@sakilacustomer.org
871;30-05-2005 5:01;4573;303;William;Satterfield;william.satterfield@sakilacustomer.org
872;30-05-2005 5:03;3904;548;Allan;Cornish;allan.cornish@sakilacustomer.org
873;30-05-2005 5:15;4568;375;Aaron;Selby;aaron.selby@sakilacustomer.org
874;30-05-2005 5:36;363;52;Julie;Sanchez;julie.sanchez@sakilacustomer.org
875;30-05-2005 5:38;1428;326;Jose;Andrew;jose.andrew@sakilacustomer.org
876;30-05-2005 5:41;1471;339;Walter;Perryman;walter.perryman@sakilacustomer.org
877;30-05-2005 5:48;886;9;Margaret;Moore;margaret.moore@sakilacustomer.org
878;30-05-2005 5:49;4265;323;Matthew;Mahan;matthew.mahan@sakilacustomer.org
879;30-05-2005 5:49;4021;482;Maurice;Crawley;maurice.crawley@sakilacustomer.org
880;30-05-2005 6:12;1819;460;Leon;Bostic;leon.bostic@sakilacustomer.org
881;30-05-2005 6:15;602;242;Glenda;Frazier;glenda.frazier@sakilacustomer.org
882;30-05-2005 6:16;3841;477;Dan;Paine;dan.paine@sakilacustomer.org
883;30-05-2005 6:21;2271;399;Danny;Isom;danny.isom@sakilacustomer.org
884;30-05-2005 6:41;4079;17;Donna;Thompson;donna.thompson@sakilacustomer.org
885;30-05-2005 6:54;646;62;Joan;Cooper;joan.cooper@sakilacustomer.org
886;30-05-2005 6:54;4356;393;Philip;Causey;philip.causey@sakilacustomer.org
887;30-05-2005 7:10;2727;16;Sandra;Martin;sandra.martin@sakilacustomer.org
888;30-05-2005 7:13;387;128;Marjorie;Tucker;marjorie.tucker@sakilacustomer.org
889;30-05-2005 7:14;1299;114;Grace;Ellis;grace.ellis@sakilacustomer.org
890;30-05-2005 7:43;1464;349;Joe;Gilliland;joe.gilliland@sakilacustomer.org
891;30-05-2005 7:43;2611;391;Clarence;Gamez;clarence.gamez@sakilacustomer.org
892;30-05-2005 8:02;471;274;Naomi;Jennings;naomi.jennings@sakilacustomer.org
893;30-05-2005 8:06;3260;502;Brett;Cornwell;brett.cornwell@sakilacustomer.org
894;30-05-2005 8:31;1118;400;Bryan;Hardison;bryan.hardison@sakilacustomer.org
895;30-05-2005 8:50;2744;192;Laurie;Lawrence;laurie.lawrence@sakilacustomer.org
896;30-05-2005 9:03;2817;207;Gertrude;Castillo;gertrude.castillo@sakilacustomer.org
897;30-05-2005 9:10;1334;432;Edwin;Burk;edwin.burk@sakilacustomer.org
898;30-05-2005 9:26;3497;384;Ernest;Stepp;ernest.stepp@sakilacustomer.org
899;30-05-2005 9:29;1096;156;Bertha;Ferguson;bertha.ferguson@sakilacustomer.org
900;30-05-2005 9:38;3543;586;Kirk;Stclair;kirk.stclair@sakilacustomer.org
901;30-05-2005 9:40;760;259;Lena;Jensen;lena.jensen@sakilacustomer.org
902;30-05-2005 9:53;1514;561;Ian;Still;ian.still@sakilacustomer.org
903;30-05-2005 10:11;2423;197;Sue;Peters;sue.peters@sakilacustomer.org
904;30-05-2005 10:19;2466;44;Marie;Turner;marie.turner@sakilacustomer.org
905;30-05-2005 10:25;4372;50;Diane;Collins;diane.collins@sakilacustomer.org
906;30-05-2005 10:30;1862;549;Nelson;Christenson;nelson.christenson@sakilacustomer.org
907;30-05-2005 10:37;3320;506;Leslie;Seward;leslie.seward@sakilacustomer.org
908;30-05-2005 10:38;4427;85;Anne;Powell;anne.powell@sakilacustomer.org
909;30-05-2005 10:43;3775;486;Glen;Talbert;glen.talbert@sakilacustomer.org
910;30-05-2005 10:46;2601;374;Jeremy;Hurtado;jeremy.hurtado@sakilacustomer.org
911;30-05-2005 10:50;1404;366;Brandon;Huey;brandon.huey@sakilacustomer.org
912;30-05-2005 10:58;3200;390;Shawn;Heaton;shawn.heaton@sakilacustomer.org
913;30-05-2005 11:04;3213;369;Fred;Wheat;fred.wheat@sakilacustomer.org
914;30-05-2005 11:06;1393;596;Enrique;Forsythe;enrique.forsythe@sakilacustomer.org
915;30-05-2005 11:20;1859;115;Wendy;Harrison;wendy.harrison@sakilacustomer.org
916;30-05-2005 11:25;1290;6;Jennifer;Davis;jennifer.davis@sakilacustomer.org
917;30-05-2005 11:27;3629;385;Phillip;Holm;phillip.holm@sakilacustomer.org
918;30-05-2005 11:32;818;197;Sue;Peters;sue.peters@sakilacustomer.org
919;30-05-2005 11:35;4052;374;Jeremy;Hurtado;jeremy.hurtado@sakilacustomer.org
920;30-05-2005 11:44;3860;584;Salvador;Teel;salvador.teel@sakilacustomer.org
921;30-05-2005 11:53;1827;508;Milton;Howland;milton.howland@sakilacustomer.org
922;30-05-2005 11:55;2442;550;Guy;Brownlee;guy.brownlee@sakilacustomer.org
923;30-05-2005 11:58;1884;37;Pamela;Baker;pamela.baker@sakilacustomer.org
924;30-05-2005 12:10;3279;293;Mae;Fletcher;mae.fletcher@sakilacustomer.org
925;30-05-2005 12:13;3203;137;Rhonda;Kennedy;rhonda.kennedy@sakilacustomer.org
926;30-05-2005 12:15;4327;76;Irene;Price;irene.price@sakilacustomer.org
927;30-05-2005 12:16;1158;167;Sally;Pierce;sally.pierce@sakilacustomer.org
928;30-05-2005 12:27;246;79;Rachel;Barnes;rachel.barnes@sakilacustomer.org
929;30-05-2005 12:32;4296;536;Fernando;Churchill;fernando.churchill@sakilacustomer.org
930;30-05-2005 12:44;2835;141;Debbie;Reyes;debbie.reyes@sakilacustomer.org
931;30-05-2005 12:53;3384;421;Lee;Hawks;lee.hawks@sakilacustomer.org
932;30-05-2005 12:55;719;198;Elsie;Kelley;elsie.kelley@sakilacustomer.org
933;30-05-2005 13:08;3672;66;Janice;Ward;janice.ward@sakilacustomer.org
934;30-05-2005 13:24;3595;60;Mildred;Bailey;mildred.bailey@sakilacustomer.org
935;30-05-2005 13:29;2421;256;Mabel;Holland;mabel.holland@sakilacustomer.org
936;30-05-2005 13:52;901;469;Wesley;Bull;wesley.bull@sakilacustomer.org
937;30-05-2005 14:47;1054;304;David;Royal;david.royal@sakilacustomer.org
938;30-05-2005 14:47;1521;46;Catherine;Campbell;catherine.campbell@sakilacustomer.org
939;30-05-2005 14:49;1314;367;Adam;Gooch;adam.gooch@sakilacustomer.org
940;30-05-2005 15:01;1278;534;Christian;Jung;christian.jung@sakilacustomer.org
941;30-05-2005 15:02;3630;562;Wallace;Slone;wallace.slone@sakilacustomer.org
942;30-05-2005 15:05;4279;473;Jorge;Olivares;jorge.olivares@sakilacustomer.org
943;30-05-2005 15:20;3737;57;Evelyn;Morgan;evelyn.morgan@sakilacustomer.org
944;30-05-2005 15:26;151;131;Monica;Hicks;monica.hicks@sakilacustomer.org
945;30-05-2005 15:33;1441;357;Keith;Rico;keith.rico@sakilacustomer.org
946;30-05-2005 15:35;1264;486;Glen;Talbert;glen.talbert@sakilacustomer.org
947;30-05-2005 15:36;4478;62;Joan;Cooper;joan.cooper@sakilacustomer.org
948;30-05-2005 15:44;585;245;Courtney;Day;courtney.day@sakilacustomer.org
949;30-05-2005 15:50;2202;368;Harry;Arce;harry.arce@sakilacustomer.org
950;30-05-2005 16:06;491;83;Louise;Jenkins;louise.jenkins@sakilacustomer.org
951;30-05-2005 16:10;1395;59;Cheryl;Murphy;cheryl.murphy@sakilacustomer.org
952;30-05-2005 16:28;4389;311;Paul;Trout;paul.trout@sakilacustomer.org
953;30-05-2005 16:34;2194;210;Ella;Oliver;ella.oliver@sakilacustomer.org
954;30-05-2005 16:57;1231;297;Sherri;Rhodes;sherri.rhodes@sakilacustomer.org
955;30-05-2005 16:59;4140;301;Robert;Baughman;robert.baughman@sakilacustomer.org
956;30-05-2005 17:30;647;296;Ramona;Hale;ramona.hale@sakilacustomer.org
957;30-05-2005 17:53;4428;440;Bernard;Colby;bernard.colby@sakilacustomer.org
958;30-05-2005 17:58;548;186;Holly;Fox;holly.fox@sakilacustomer.org
959;30-05-2005 18:07;3108;535;Javier;Elrod;javier.elrod@sakilacustomer.org
960;30-05-2005 18:13;1966;445;Micheal;Forman;micheal.forman@sakilacustomer.org
961;30-05-2005 18:16;3293;588;Marion;Ocampo;marion.ocampo@sakilacustomer.org
962;30-05-2005 18:45;4535;520;Mitchell;Westmoreland;mitchell.westmoreland@sakilacustomer.org
963;30-05-2005 18:52;1921;225;Arlene;Harvey;arlene.harvey@sakilacustomer.org
964;30-05-2005 18:53;657;287;Becky;Miles;becky.miles@sakilacustomer.org
965;30-05-2005 19:00;3363;502;Brett;Cornwell;brett.cornwell@sakilacustomer.org
966;30-05-2005 19:00;1294;496;Tyler;Wren;tyler.wren@sakilacustomer.org
967;30-05-2005 19:12;1954;330;Scott;Shelley;scott.shelley@sakilacustomer.org
968;30-05-2005 19:20;119;576;Morris;Mccarter;morris.mccarter@sakilacustomer.org
969;30-05-2005 19:23;443;551;Clayton;Barbee;clayton.barbee@sakilacustomer.org
970;30-05-2005 19:50;1520;307;Joseph;Joy;joseph.joy@sakilacustomer.org
971;30-05-2005 20:10;2911;561;Ian;Still;ian.still@sakilacustomer.org
972;30-05-2005 20:21;2;411;Norman;Currier;norman.currier@sakilacustomer.org
973;30-05-2005 20:27;1914;473;Jorge;Olivares;jorge.olivares@sakilacustomer.org
974;30-05-2005 20:28;2617;596;Enrique;Forsythe;enrique.forsythe@sakilacustomer.org
975;30-05-2005 21:07;3109;7;Maria;Miller;maria.miller@sakilacustomer.org
976;30-05-2005 21:11;2290;581;Virgil;Wofford;virgil.wofford@sakilacustomer.org
977;30-05-2005 21:22;2029;394;Chris;Brothers;chris.brothers@sakilacustomer.org
978;30-05-2005 21:30;407;154;Michele;Grant;michele.grant@sakilacustomer.org
979;30-05-2005 21:37;3917;279;Dianne;Shelton;dianne.shelton@sakilacustomer.org
980;30-05-2005 21:45;4169;273;Priscilla;Lowe;priscilla.lowe@sakilacustomer.org
981;30-05-2005 21:52;2913;326;Jose;Andrew;jose.andrew@sakilacustomer.org
982;30-05-2005 22:15;3560;524;Jared;Ely;jared.ely@sakilacustomer.org
983;30-05-2005 22:15;63;115;Wendy;Harrison;wendy.harrison@sakilacustomer.org
984;30-05-2005 22:17;2305;262;Patsy;Davidson;patsy.davidson@sakilacustomer.org
985;30-05-2005 22:18;1573;564;Bob;Pfeiffer;bob.pfeiffer@sakilacustomer.org
986;30-05-2005 22:22;4045;253;Terry;Carlson;terry.carlson@sakilacustomer.org
987;30-05-2005 22:59;390;11;Lisa;Anderson;lisa.anderson@sakilacustomer.org
988;30-05-2005 23:08;1364;12;Nancy;Thomas;nancy.thomas@sakilacustomer.org
989;30-05-2005 23:11;4388;83;Louise;Jenkins;louise.jenkins@sakilacustomer.org
990;30-05-2005 23:25;4171;311;Paul;Trout;paul.trout@sakilacustomer.org
991;30-05-2005 23:29;2863;593;Rene;Mcalister;rene.mcalister@sakilacustomer.org
992;30-05-2005 23:47;3572;123;Shannon;Freeman;shannon.freeman@sakilacustomer.org
993;30-05-2005 23:54;2080;513;Duane;Tubbs;duane.tubbs@sakilacustomer.org
994;30-05-2005 23:55;2798;472;Greg;Robins;greg.robins@sakilacustomer.org
995;31-05-2005 0:06;17;150;Danielle;Daniels;danielle.daniels@sakilacustomer.org
996;31-05-2005 0:06;2075;331;Eric;Robert;eric.robert@sakilacustomer.org
997;31-05-2005 0:08;4243;216;Natalie;Meyer;natalie.meyer@sakilacustomer.org
998;31-05-2005 0:16;3395;389;Alan;Kahn;alan.kahn@sakilacustomer.org
999;31-05-2005 0:25;4433;413;Marvin;Yee;marvin.yee@sakilacustomer.org
1000;31-05-2005 0:25;1774;332;Stephen;Qualls;stephen.qualls@sakilacustomer.org
1001;31-05-2005 0:46;1498;64;Judith;Cox;judith.cox@sakilacustomer.org
1002;31-05-2005 0:47;709;397;Jimmy;Schrader;jimmy.schrader@sakilacustomer.org
1003;31-05-2005 0:48;133;161;Geraldine;Perkins;geraldine.perkins@sakilacustomer.org
1004;31-05-2005 0:48;1588;565;Jaime;Nettles;jaime.nettles@sakilacustomer.org
1005;31-05-2005 0:53;4006;551;Clayton;Barbee;clayton.barbee@sakilacustomer.org
1006;31-05-2005 0:57;3461;222;Delores;Hansen;delores.hansen@sakilacustomer.org
1007;31-05-2005 1:02;3185;24;Kimberly;Lee;kimberly.lee@sakilacustomer.org
1008;31-05-2005 1:18;914;599;Austin;Cintron;austin.cintron@sakilacustomer.org
1009;31-05-2005 1:47;2523;485;Clyde;Tobias;clyde.tobias@sakilacustomer.org
1010;31-05-2005 1:57;4038;49;Joyce;Edwards;joyce.edwards@sakilacustomer.org
1011;31-05-2005 2:05;118;164;Joann;Gardner;joann.gardner@sakilacustomer.org
1012;31-05-2005 2:18;688;291;Toni;Holt;toni.holt@sakilacustomer.org
1013;31-05-2005 2:37;4522;384;Ernest;Stepp;ernest.stepp@sakilacustomer.org
1014;31-05-2005 2:39;766;280;Tracey;Barrett;tracey.barrett@sakilacustomer.org
1015;31-05-2005 2:44;3702;526;Karl;Seal;karl.seal@sakilacustomer.org
1016;31-05-2005 2:49;3423;204;Rosemary;Schmidt;rosemary.schmidt@sakilacustomer.org
1017;31-05-2005 2:53;1242;16;Sandra;Martin;sandra.martin@sakilacustomer.org
1018;31-05-2005 2:53;1930;594;Eduardo;Hiatt;eduardo.hiatt@sakilacustomer.org
1019;31-05-2005 3:05;3975;279;Dianne;Shelton;dianne.shelton@sakilacustomer.org
1020;31-05-2005 3:06;3402;138;Hazel;Warren;hazel.warren@sakilacustomer.org
1021;31-05-2005 3:16;2724;541;Darren;Windham;darren.windham@sakilacustomer.org
1022;31-05-2005 3:16;842;239;Minnie;Romero;minnie.romero@sakilacustomer.org
1023;31-05-2005 3:26;2483;227;Colleen;Burton;colleen.burton@sakilacustomer.org
1024;31-05-2005 3:30;2310;457;Bill;Gavin;bill.gavin@sakilacustomer.org
1025;31-05-2005 3:41;1618;93;Phyllis;Foster;phyllis.foster@sakilacustomer.org
1026;31-05-2005 3:45;632;107;Florence;Woods;florence.woods@sakilacustomer.org
1027;31-05-2005 3:46;2718;55;Doris;Reed;doris.reed@sakilacustomer.org
1028;31-05-2005 3:48;4479;51;Alice;Stewart;alice.stewart@sakilacustomer.org
1029;31-05-2005 3:52;2082;50;Diane;Collins;diane.collins@sakilacustomer.org
1030;31-05-2005 4:06;3948;267;Margie;Wade;margie.wade@sakilacustomer.org
1031;31-05-2005 4:23;917;416;Jeffery;Pinson;jeffery.pinson@sakilacustomer.org
1032;31-05-2005 4:28;2937;236;Marcia;Dean;marcia.dean@sakilacustomer.org
1033;31-05-2005 4:50;14;25;Deborah;Walker;deborah.walker@sakilacustomer.org
1034;31-05-2005 4:53;4117;293;Mae;Fletcher;mae.fletcher@sakilacustomer.org
1035;31-05-2005 5:01;949;362;Nicholas;Barfield;nicholas.barfield@sakilacustomer.org
1036;31-05-2005 5:21;2164;438;Barry;Lovelace;barry.lovelace@sakilacustomer.org
1037;31-05-2005 5:22;810;569;Dave;Gardiner;dave.gardiner@sakilacustomer.org
1038;31-05-2005 5:23;1253;385;Phillip;Holm;phillip.holm@sakilacustomer.org
1039;31-05-2005 5:32;2479;124;Sheila;Wells;sheila.wells@sakilacustomer.org
1040;31-05-2005 5:35;2546;270;Leah;Curtis;leah.curtis@sakilacustomer.org
1041;31-05-2005 5:46;4432;272;Kay;Caldwell;kay.caldwell@sakilacustomer.org
1042;31-05-2005 5:53;3155;506;Leslie;Seward;leslie.seward@sakilacustomer.org
1043;31-05-2005 6:11;2322;412;Allen;Butterfield;allen.butterfield@sakilacustomer.org
1044;31-05-2005 6:24;2574;70;Christina;Ramirez;christina.ramirez@sakilacustomer.org
1045;31-05-2005 6:29;3470;594;Eduardo;Hiatt;eduardo.hiatt@sakilacustomer.org
1046;31-05-2005 6:42;468;179;Dana;Hart;dana.hart@sakilacustomer.org
1047;31-05-2005 6:45;1366;72;Theresa;Watson;theresa.watson@sakilacustomer.org
1048;31-05-2005 6:49;2811;55;Doris;Reed;doris.reed@sakilacustomer.org
1049;31-05-2005 6:57;3913;312;Mark;Rinehart;mark.rinehart@sakilacustomer.org
1050;31-05-2005 7:01;726;303;William;Satterfield;william.satterfield@sakilacustomer.org
1051;31-05-2005 7:02;1025;246;Marian;Mendoza;marian.mendoza@sakilacustomer.org
1052;31-05-2005 7:07;2157;156;Bertha;Ferguson;bertha.ferguson@sakilacustomer.org
1053;31-05-2005 7:12;3734;196;Alma;Austin;alma.austin@sakilacustomer.org
1054;31-05-2005 7:33;1575;126;Ellen;Simpson;ellen.simpson@sakilacustomer.org
1055;31-05-2005 7:47;1639;108;Tracy;Cole;tracy.cole@sakilacustomer.org
1056;31-05-2005 7:48;1591;519;Ron;Deluca;ron.deluca@sakilacustomer.org
1057;31-05-2005 7:58;497;124;Sheila;Wells;sheila.wells@sakilacustomer.org
1058;31-05-2005 8:04;40;116;Victoria;Gibson;victoria.gibson@sakilacustomer.org
1059;31-05-2005 8:20;3041;241;Heidi;Larson;heidi.larson@sakilacustomer.org
1060;31-05-2005 8:21;2676;570;Ivan;Cromwell;ivan.cromwell@sakilacustomer.org
1061;31-05-2005 8:27;965;109;Edna;West;edna.west@sakilacustomer.org
1062;31-05-2005 8:38;2223;176;June;Carroll;june.carroll@sakilacustomer.org
1063;31-05-2005 8:44;2484;7;Maria;Miller;maria.miller@sakilacustomer.org
1064;31-05-2005 8:50;2373;460;Leon;Bostic;leon.bostic@sakilacustomer.org
1065;31-05-2005 8:54;3379;316;Steven;Curley;steven.curley@sakilacustomer.org
1066;31-05-2005 9:07;2383;541;Darren;Windham;darren.windham@sakilacustomer.org
1067;31-05-2005 9:12;2345;32;Amy;Lopez;amy.lopez@sakilacustomer.org
1068;31-05-2005 9:32;150;443;Francisco;Skidmore;francisco.skidmore@sakilacustomer.org
1069;31-05-2005 9:32;3057;251;Vickie;Brewer;vickie.brewer@sakilacustomer.org
1070;31-05-2005 9:39;3170;228;Allison;Stanley;allison.stanley@sakilacustomer.org
1071;31-05-2005 9:48;469;174;Yvonne;Watkins;yvonne.watkins@sakilacustomer.org
1072;31-05-2005 9:52;2557;272;Kay;Caldwell;kay.caldwell@sakilacustomer.org
1073;31-05-2005 9:55;522;146;Jamie;Rice;jamie.rice@sakilacustomer.org
1074;31-05-2005 10:04;2508;503;Angel;Barclay;angel.barclay@sakilacustomer.org
1075;31-05-2005 10:13;2279;9;Margaret;Moore;margaret.moore@sakilacustomer.org
1076;31-05-2005 10:14;2551;214;Kristin;Johnston;kristin.johnston@sakilacustomer.org
1077;31-05-2005 10:22;1986;24;Kimberly;Lee;kimberly.lee@sakilacustomer.org
1078;31-05-2005 10:28;3682;230;Joy;George;joy.george@sakilacustomer.org
1079;31-05-2005 10:48;268;312;Mark;Rinehart;mark.rinehart@sakilacustomer.org
1080;31-05-2005 10:55;3491;215;Jessie;Banks;jessie.banks@sakilacustomer.org
1081;31-05-2005 10:56;4524;404;Stanley;Scroggins;stanley.scroggins@sakilacustomer.org
1082;31-05-2005 11:02;4510;239;Minnie;Romero;minnie.romero@sakilacustomer.org
1083;31-05-2005 11:04;2393;556;Armando;Gruber;armando.gruber@sakilacustomer.org
1084;31-05-2005 11:10;4577;12;Nancy;Thomas;nancy.thomas@sakilacustomer.org
1085;31-05-2005 11:15;301;5;Elizabeth;Brown;elizabeth.brown@sakilacustomer.org
1086;31-05-2005 11:17;2909;549;Nelson;Christenson;nelson.christenson@sakilacustomer.org
1087;31-05-2005 11:18;431;169;Erica;Matthews;erica.matthews@sakilacustomer.org
1088;31-05-2005 11:35;3988;356;Gerald;Fultz;gerald.fultz@sakilacustomer.org
1089;31-05-2005 11:38;3784;367;Adam;Gooch;adam.gooch@sakilacustomer.org
1090;31-05-2005 12:03;3329;23;Sarah;Lewis;sarah.lewis@sakilacustomer.org
1091;31-05-2005 12:11;3853;251;Vickie;Brewer;vickie.brewer@sakilacustomer.org
1092;31-05-2005 12:15;4412;278;Billie;Horton;billie.horton@sakilacustomer.org
1093;31-05-2005 12:32;2189;214;Kristin;Johnston;kristin.johnston@sakilacustomer.org
1094;31-05-2005 13:03;3810;547;Kurt;Emmons;kurt.emmons@sakilacustomer.org
1095;31-05-2005 13:15;4546;252;Mattie;Hoffman;mattie.hoffman@sakilacustomer.org
1096;31-05-2005 13:30;1066;271;Penny;Neal;penny.neal@sakilacustomer.org
1097;31-05-2005 13:38;2285;491;Rick;Mattox;rick.mattox@sakilacustomer.org
1098;31-05-2005 13:51;1050;425;Francis;Sikes;francis.sikes@sakilacustomer.org
1099;31-05-2005 13:54;924;269;Cassandra;Walters;cassandra.walters@sakilacustomer.org
1100;31-05-2005 14:03;316;497;Gilbert;Sledge;gilbert.sledge@sakilacustomer.org
1101;31-05-2005 14:13;1174;260;Christy;Vargas;christy.vargas@sakilacustomer.org
1102;31-05-2005 14:20;2052;115;Wendy;Harrison;wendy.harrison@sakilacustomer.org
1103;31-05-2005 14:24;3154;353;Jonathan;Scarborough;jonathan.scarborough@sakilacustomer.org
1104;31-05-2005 14:30;1619;466;Leo;Ebert;leo.ebert@sakilacustomer.org
1105;31-05-2005 14:33;1708;26;Jessica;Hall;jessica.hall@sakilacustomer.org
1106;31-05-2005 14:36;4185;109;Edna;West;edna.west@sakilacustomer.org
1107;31-05-2005 15:04;3449;53;Heather;Morris;heather.morris@sakilacustomer.org
1108;31-05-2005 15:05;2562;254;Maxine;Silva;maxine.silva@sakilacustomer.org
1109;31-05-2005 15:12;2031;481;Herman;Devore;herman.devore@sakilacustomer.org
1110;31-05-2005 15:22;2085;355;Terry;Grissom;terry.grissom@sakilacustomer.org
1111;31-05-2005 15:24;1137;300;John;Farnsworth;john.farnsworth@sakilacustomer.org
1112;31-05-2005 15:51;2453;214;Kristin;Johnston;kristin.johnston@sakilacustomer.org
1113;31-05-2005 15:58;2078;451;Jim;Rea;jim.rea@sakilacustomer.org
1114;31-05-2005 16:00;2287;117;Edith;Mcdonald;edith.mcdonald@sakilacustomer.org
1115;31-05-2005 16:07;2140;109;Edna;West;edna.west@sakilacustomer.org
1116;31-05-2005 16:10;1356;256;Mabel;Holland;mabel.holland@sakilacustomer.org
1117;31-05-2005 16:15;4125;189;Loretta;Carpenter;loretta.carpenter@sakilacustomer.org
1118;31-05-2005 16:23;213;510;Ben;Easter;ben.easter@sakilacustomer.org
1119;31-05-2005 16:34;4401;469;Wesley;Bull;wesley.bull@sakilacustomer.org
1120;31-05-2005 16:37;2897;361;Lawrence;Lawton;lawrence.lawton@sakilacustomer.org
1121;31-05-2005 16:37;1691;74;Denise;Kelly;denise.kelly@sakilacustomer.org
1122;31-05-2005 16:39;1392;180;Stacy;Cunningham;stacy.cunningham@sakilacustomer.org
1123;31-05-2005 16:48;142;448;Miguel;Betancourt;miguel.betancourt@sakilacustomer.org
1124;31-05-2005 16:49;4560;134;Emma;Boyd;emma.boyd@sakilacustomer.org
1125;31-05-2005 17:23;1172;234;Claudia;Fuller;claudia.fuller@sakilacustomer.org
1126;31-05-2005 17:27;2765;431;Joel;Francisco;joel.francisco@sakilacustomer.org
1127;31-05-2005 17:45;2412;387;Jesse;Schilling;jesse.schilling@sakilacustomer.org
1128;31-05-2005 17:49;1496;311;Paul;Trout;paul.trout@sakilacustomer.org
1129;31-05-2005 18:00;386;486;Glen;Talbert;glen.talbert@sakilacustomer.org
1130;31-05-2005 18:13;3186;124;Sheila;Wells;sheila.wells@sakilacustomer.org
1131;31-05-2005 18:44;2654;128;Marjorie;Tucker;marjorie.tucker@sakilacustomer.org
1132;31-05-2005 18:44;1763;198;Elsie;Kelley;elsie.kelley@sakilacustomer.org
1133;31-05-2005 19:12;4271;73;Beverly;Brooks;beverly.brooks@sakilacustomer.org
1134;31-05-2005 19:14;143;191;Jeanette;Greene;jeanette.greene@sakilacustomer.org
1135;31-05-2005 19:15;3118;122;Thelma;Murray;thelma.murray@sakilacustomer.org
1136;31-05-2005 19:19;3963;50;Diane;Collins;diane.collins@sakilacustomer.org
1137;31-05-2005 19:20;3259;351;Jack;Foust;jack.foust@sakilacustomer.org
1138;31-05-2005 19:30;3944;438;Barry;Lovelace;barry.lovelace@sakilacustomer.org
1139;31-05-2005 19:34;666;562;Wallace;Slone;wallace.slone@sakilacustomer.org
1140;31-05-2005 19:36;3731;10;Dorothy;Taylor;dorothy.taylor@sakilacustomer.org
1141;31-05-2005 19:42;4128;217;Agnes;Bishop;agnes.bishop@sakilacustomer.org
1142;31-05-2005 19:46;3998;5;Elizabeth;Brown;elizabeth.brown@sakilacustomer.org
1143;31-05-2005 19:53;2632;209;Tonya;Chapman;tonya.chapman@sakilacustomer.org
1144;31-05-2005 20:04;2450;207;Gertrude;Castillo;gertrude.castillo@sakilacustomer.org
1145;31-05-2005 20:13;1133;284;Sonia;Gregory;sonia.gregory@sakilacustomer.org
1146;31-05-2005 20:34;3134;250;Jo;Fowler;jo.fowler@sakilacustomer.org
1147;31-05-2005 20:37;622;259;Lena;Jensen;lena.jensen@sakilacustomer.org
1148;31-05-2005 20:38;3307;235;Jackie;Lynch;jackie.lynch@sakilacustomer.org
1149;31-05-2005 21:03;352;326;Jose;Andrew;jose.andrew@sakilacustomer.org
1150;31-05-2005 21:20;1632;136;Anita;Morales;anita.morales@sakilacustomer.org
1151;31-05-2005 21:29;1281;581;Virgil;Wofford;virgil.wofford@sakilacustomer.org
1152;31-05-2005 21:32;210;191;Jeanette;Greene;jeanette.greene@sakilacustomer.org
1153;31-05-2005 21:36;2725;506;Leslie;Seward;leslie.seward@sakilacustomer.org
1154;31-05-2005 21:42;2732;59;Cheryl;Murphy;cheryl.murphy@sakilacustomer.org
1155;31-05-2005 22:17;2048;251;Vickie;Brewer;vickie.brewer@sakilacustomer.org
1156;31-05-2005 22:37;460;106;Connie;Wallace;connie.wallace@sakilacustomer.org
1157;31-05-2005 22:47;1449;61;Katherine;Rivera;katherine.rivera@sakilacustomer.org
1;24-05-2005 22:53;367;130;Charlotte;Hunter;charlotte.hunter@sakilacustomer.org
