title;release_year;rental_rate
Ace Goldfinger;2006;4.99
Airplane Sierra;2006;4.99
Airport Pollock;2006;4.99
Aladdin Calendar;2006;4.99
Ali Forever;2006;4.99
Amelie Hellfighters;2006;4.99
American Circus;2006;4.99
Anthem Luke;2006;4.99
Apache Divine;2006;4.99
Apocalypse Flamingos;2006;4.99
Attacks Hate;2006;4.99
Attraction Newton;2006;4.99
Autumn Crow;2006;4.99
Baby Hall;2006;4.99
Backlash Undefeated;2006;4.99
Beast Hunchback;2006;4.99
Beauty Grease;2006;4.99
Behavior Runaway;2006;4.99
Betrayed Rear;2006;4.99
Bikini Borrowers;2006;4.99
Bilko Anonymous;2006;4.99
Birch Antitrust;2006;4.99
Bird Independence;2006;4.99
Birds Perdition;2006;4.99
Blindness Gun;2006;4.99
Boiled Dares;2006;4.99
Boogie Amelie;2006;4.99
Born Spinal;2006;4.99
Bowfinger Gables;2006;4.99
Brannigan Sunrise;2006;4.99
Breakfast Goldfinger;2006;4.99
Bright Encounters;2006;4.99
Brooklyn Desert;2006;4.99
Bubble Grosse;2006;4.99
Bucket Brotherhood;2006;4.99
Calendar Gunfight;2006;4.99
California Birds;2006;4.99
Candles Grapes;2006;4.99
Caribbean Liberty;2006;4.99
Casablanca Super;2006;4.99
Casper Dragonfly;2006;4.99
Casualties Encino;2006;4.99
Cat Coneheads;2006;4.99
Center Dinosaur;2006;4.99
Chamber Italian;2006;4.99
Champion Flatliners;2006;4.99
Chasing Fight;2006;4.99
Chicago North;2006;4.99
Chinatown Gladiator;2006;4.99
Chisum Behavior;2006;4.99
Cincinatti Whisperer;2006;4.99
Clerks Angels;2006;4.99
Closer Bang;2006;4.99
Clue Grail;2006;4.99
Coldblooded Darling;2006;4.99
Coma Head;2006;4.99
Command Darling;2006;4.99
Commandments Express;2006;4.99
Coneheads Smoochy;2006;4.99
Confessions Maguire;2006;4.99
Confidential Interview;2006;4.99
Connecticut Tramp;2006;4.99
Conquerer Nuts;2006;4.99
Control Anthem;2006;4.99
Conversation Downhill;2006;4.99
Creepers Kane;2006;4.99
Crossing Divorce;2006;4.99
Crowds Telemark;2006;4.99
Daddy Pittsburgh;2006;4.99
Daisy Menagerie;2006;4.99
Dangerous Uptown;2006;4.99
Darko Dorado;2006;4.99
Darling Breaking;2006;4.99
Darn Forrester;2006;4.99
Daughter Madigan;2006;4.99
Dawn Pond;2006;4.99
Day Unfaithful;2006;4.99
Dazed Punk;2006;4.99
Deep Crusade;2006;4.99
Desert Poseidon;2006;4.99
Desperate Trainspotting;2006;4.99
Destiny Saturday;2006;4.99
Details Packer;2006;4.99
Devil Desire;2006;4.99
Dogma Family;2006;4.99
Doors President;2006;4.99
Dorado Notting;2006;4.99
Doubtfire Labyrinth;2006;4.99
Dozen Lion;2006;4.99
Dragonfly Strangers;2006;4.99
Drifter Commandments;2006;4.99
Driving Polish;2006;4.99
Drop Waterfront;2006;4.99
Dude Blindness;2006;4.99
Durham Panky;2006;4.99
Dying Maker;2006;4.99
Eagles Panky;2006;4.99
Early Home;2006;4.99
Easy Gladiator;2006;4.99
Edge Kissing;2006;4.99
Element Freddy;2006;4.99
Elephant Trojan;2006;4.99
Elf Murder;2006;4.99
Elizabeth Shane;2006;4.99
Enemy Odds;2006;4.99
Eve Resurrection;2006;4.99
Expecations Natural;2006;4.99
Falcon Volume;2006;4.99
Fellowship Autumn;2006;4.99
Fever Empire;2006;4.99
Fiddler Lost;2006;4.99
Fidelity Devil;2006;4.99
Fire Wolves;2006;4.99
Flamingos Connecticut;2006;4.99
Flash Wars;2006;4.99
Flight Lies;2006;4.99
Flintstones Happiness;2006;4.99
Fool Mockingbird;2006;4.99
Forrester Comancheros;2006;4.99
Freddy Storm;2006;4.99
French Holiday;2006;4.99
Frisco Forrest;2006;4.99
Frontier Cabin;2006;4.99
Fugitive Maguire;2006;4.99
Galaxy Sweethearts;2006;4.99
Games Bowfinger;2006;4.99
Garden Island;2006;4.99
Ghost Groundhog;2006;4.99
Gladiator Westward;2006;4.99
Gold River;2006;4.99
Goodfellas Salute;2006;4.99
Gosford Donnie;2006;4.99
Graceland Dynamite;2006;4.99
Grinch Massage;2006;4.99
Grosse Wonderful;2006;4.99
Groundhog Uncut;2006;4.99
Gump Date;2006;4.99
Guys Falcon;2006;4.99
Hall Cassidy;2006;4.99
Hanging Deep;2006;4.99
Hanover Galaxy;2006;4.99
Harry Idaho;2006;4.99
Haunted Antitrust;2006;4.99
Head Stranger;2006;4.99
Heartbreakers Bright;2006;4.99
Heavenly Gun;2006;4.99
Heavyweights Beast;2006;4.99
Holes Brannigan;2006;4.99
Holiday Games;2006;4.99
Hollow Jeopardy;2006;4.99
Home Pity;2006;4.99
Hotel Happiness;2006;4.99
Hunchback Impossible;2006;4.99
Hustler Party;2006;4.99
Hysterical Grail;2006;4.99
Igby Maker;2006;4.99
Impossible Prejudice;2006;4.99
Inch Jet;2006;4.99
Informer Double;2006;4.99
Innocent Usual;2006;4.99
Interview Liaisons;2006;4.99
Intolerable Intentions;2006;4.99
Iron Moon;2006;4.99
Ishtar Rocketeer;2006;4.99
Italian African;2006;4.99
Jersey Sassy;2006;4.99
Jet Neighbors;2006;4.99
Jingle Sagebrush;2006;4.99
King Evolution;2006;4.99
Kiss Glory;2006;4.99
Kissing Dolls;2006;4.99
Lady Stage;2006;4.99
Lambs Cincinatti;2006;4.99
Lawless Vision;2006;4.99
League Hellfighters;2006;4.99
Legally Secretary;2006;4.99
Liaisons Sweet;2006;4.99
Lies Treatment;2006;4.99
Lola Agent;2006;4.99
Loser Hustler;2006;4.99
Madigan Dorado;2006;4.99
Maiden Home;2006;4.99
Maltese Hope;2006;4.99
Massacre Usual;2006;4.99
Matrix Snowman;2006;4.99
Memento Zoolander;2006;4.99
Mermaid Insects;2006;4.99
Midsummer Groundhog;2006;4.99
Million Ace;2006;4.99
Minds Truman;2006;4.99
Mine Titans;2006;4.99
Mission Zoolander;2006;4.99
Mod Secretary;2006;4.99
Model Fish;2006;4.99
Monsoon Cause;2006;4.99
Moonshine Cabin;2006;4.99
Moonwalker Fool;2006;4.99
Movie Shakespeare;2006;4.99
Muppet Mile;2006;4.99
Musketeers Wait;2006;4.99
Name Detective;2006;4.99
Nightmare Chill;2006;4.99
North Tequila;2006;4.99
Nuts Ties;2006;4.99
October Submarine;2006;4.99
Open African;2006;4.99
Opposite Necklace;2006;4.99
Opus Ice;2006;4.99
Outlaw Hanky;2006;4.99
Panic Club;2006;4.99
Panky Submarine;2006;4.99
Panther Reds;2006;4.99
Park Citizen;2006;4.99
Past Suicides;2006;4.99
Paths Control;2006;4.99
Paycheck Wait;2006;4.99
Peak Forever;2006;4.99
Pelican Comforts;2006;4.99
Perdition Fargo;2006;4.99
Philadelphia Wife;2006;4.99
Pinocchio Simon;2006;4.99
Pittsburgh Hunchback;2006;4.99
Pity Bound;2006;4.99
Platoon Instinct;2006;4.99
Pluto Oleander;2006;4.99
Poseidon Forever;2006;4.99
Prejudice Oleander;2006;4.99
President Bang;2006;4.99
Private Drop;2006;4.99
Punk Divorce;2006;4.99
Queen Luke;2006;4.99
Quills Bull;2006;4.99
Rage Games;2006;4.99
Raging Airplane;2006;4.99
Rainbow Shock;2006;4.99
Range Moonwalker;2006;4.99
Records Zorro;2006;4.99
Reds Pocus;2006;4.99
Requiem Tycoon;2006;4.99
Right Cranes;2006;4.99
Road Roxanne;2006;4.99
Rocky War;2006;4.99
Roses Treasure;2006;4.99
Rules Human;2006;4.99
Sabrina Midnight;2006;4.99
Satisfaction Confidential;2006;4.99
Saturday Lambs;2006;4.99
Saturn Name;2006;4.99
Scalawag Duck;2006;4.99
Scarface Bang;2006;4.99
School Jacket;2006;4.99
Scorpion Apollo;2006;4.99
Seattle Expecations;2006;4.99
Secret Groundhog;2006;4.99
Secretary Rouge;2006;4.99
Secrets Paradise;2006;4.99
Sense Greek;2006;4.99
Sensibility Rear;2006;4.99
Seven Swarm;2006;4.99
Shawshank Bubble;2006;4.99
Show Lord;2006;4.99
Silverado Goldfinger;2006;4.99
Sister Freddy;2006;4.99
Slacker Liaisons;2006;4.99
Sleeping Suspects;2006;4.99
Sleepless Monsoon;2006;4.99
Snatch Slipper;2006;4.99
Soldiers Evolution;2006;4.99
Something Duck;2006;4.99
Spartacus Cheaper;2006;4.99
Speed Suit;2006;4.99
Spice Sorority;2006;4.99
Stagecoach Armageddon;2006;4.99
Steel Santa;2006;4.99
Steers Armageddon;2006;4.99
Stepmom Dream;2006;4.99
Sting Personal;2006;4.99
Stranger Strangers;2006;4.99
Strangers Graffiti;2006;4.99
Streetcar Intentions;2006;4.99
Submarine Bed;2006;4.99
Sugar Wonka;2006;4.99
Suicides Silence;2006;4.99
Suit Walls;2006;4.99
Sunrise League;2006;4.99
Super Wyoming;2006;4.99
Sweden Shining;2006;4.99
Teen Apollo;2006;4.99
Telegraph Voyage;2006;4.99
Temple Attraction;2006;4.99
Tequila Past;2006;4.99
Terminator Club;2006;4.99
Thief Pelican;2006;4.99
Thin Sagebrush;2006;4.99
Ties Hunger;2006;4.99
Titanic Boondock;2006;4.99
Titans Jerk;2006;4.99
Torque Bound;2006;4.99
Tourist Pelican;2006;4.99
Trading Pinocchio;2006;4.99
Traffic Hobbit;2006;4.99
Train Bunch;2006;4.99
Trainspotting Strangers;2006;4.99
Trap Guys;2006;4.99
Trip Newton;2006;4.99
Truman Crazy;2006;4.99
Twisted Pirates;2006;4.99
Tycoon Gathering;2006;4.99
Undefeated Dalmations;2006;4.99
Usual Untouchables;2006;4.99
Vampire Whale;2006;4.99
Vanilla Day;2006;4.99
Velvet Terminator;2006;4.99
Videotape Arsenic;2006;4.99
Villain Desperate;2006;4.99
Virgin Daisy;2006;4.99
Virtual Spoilers;2006;4.99
Volume House;2006;4.99
Wake Jaws;2006;4.99
Walls Artist;2006;4.99
Wanda Chamber;2006;4.99
War Notting;2006;4.99
Wash Heavenly;2006;4.99
Waterfront Deliverance;2006;4.99
Werewolf Lola;2006;4.99
West Lion;2006;4.99
Whale Bikini;2006;4.99
Whisperer Giant;2006;4.99
Wife Turn;2006;4.99
Witches Panic;2006;4.99
Wizard Coldblooded;2006;4.99
Wonderland Christmas;2006;4.99
Working Microcosmos;2006;4.99
Wyoming Storm;2006;4.99
Yentl Idaho;2006;4.99
Zorro Ark;2006;4.99
